fill_number,start_stable_beam,end_stable_beam
5698,2017-05-23 14:32:22.000000,2017-05-23 23:12:14.000000
5699,2017-05-24 01:04:39.000000,2017-05-24 05:05:30.000000
5704,2017-05-25 01:09:22.000000,2017-05-25 08:32:11.000000
5710,2017-05-26 01:03:34.000000,2017-05-26 07:10:24.000000
5717,2017-05-27 04:51:52.000000,2017-05-27 14:23:52.000000
5718,2017-05-27 17:56:16.000000,2017-05-28 02:13:37.000000
5719,2017-05-28 06:54:50.000000,2017-05-28 11:10:46.000000
5722,2017-05-28 20:24:52.000000,2017-05-29 07:18:05.000000
5730,2017-05-30 08:43:11.000000,2017-05-31 00:24:19.000000
5737,2017-06-03 05:01:01.000000,2017-06-03 12:51:50.000000
5746,2017-06-04 23:48:58.000000,2017-06-05 10:29:13.000000
5749,2017-06-05 21:11:59.000000,2017-06-05 21:28:33.000000
5750,2017-06-06 00:56:23.000000,2017-06-06 06:40:41.000000
5822,2017-06-12 09:39:05.000000,2017-06-12 12:01:41.000000
5824,2017-06-12 17:19:14.000000,2017-06-12 20:50:22.000000
5825,2017-06-12 23:43:09.000000,2017-06-13 00:19:44.000000
5830,2017-06-14 06:30:18.000000,2017-06-14 14:27:01.000000
5833,2017-06-14 20:04:45.000000,2017-06-14 23:50:32.000000
5834,2017-06-15 04:21:18.000000,2017-06-15 12:30:31.000000
5837,2017-06-15 22:52:34.000000,2017-06-16 10:31:44.000000
5838,2017-06-16 12:54:21.000000,2017-06-16 16:00:44.000000
5839,2017-06-16 19:28:30.000000,2017-06-17 01:53:11.000000
5840,2017-06-17 04:59:46.000000,2017-06-17 12:12:43.000000
5842,2017-06-17 19:20:55.000000,2017-06-18 05:20:16.000000
5845,2017-06-18 12:40:19.000000,2017-06-18 15:23:53.000000
5848,2017-06-19 17:53:43.000000,2017-06-20 10:03:15.000000
5849,2017-06-20 13:28:21.000000,2017-06-21 11:31:02.000000
5856,2017-06-22 00:26:40.000000,2017-06-22 13:08:24.000000
5862,2017-06-23 03:22:54.000000,2017-06-23 04:21:28.000000
5864,2017-06-23 13:34:16.000000,2017-06-23 19:37:47.000000
5865,2017-06-24 00:41:16.000000,2017-06-24 10:22:26.000000
5868,2017-06-24 19:38:22.000000,2017-06-24 21:29:16.000000
5870,2017-06-25 00:48:02.000000,2017-06-25 00:58:35.000000
5872,2017-06-25 05:35:35.000000,2017-06-25 22:03:51.000000
5873,2017-06-26 00:16:31.000000,2017-06-26 10:39:32.000000
5876,2017-06-26 23:19:29.000000,2017-06-27 10:05:56.000000
5878,2017-06-27 14:58:33.000000,2017-06-28 03:40:06.000000
5880,2017-06-28 10:08:27.000000,2017-06-28 12:00:55.000000
5882,2017-06-28 17:27:56.000000,2017-06-29 03:29:46.000000
5883,2017-06-29 06:05:19.000000,2017-06-29 11:51:41.000000
5885,2017-06-29 15:49:00.000000,2017-06-29 16:06:29.000000
5887,2017-06-29 20:29:06.000000,2017-06-30 00:28:57.000000
5919,2017-07-09 18:54:44.000000,2017-07-09 19:05:35.000000
5920,2017-07-09 23:42:00.000000,2017-07-10 02:43:34.000000
5930,2017-07-11 08:54:47.000000,2017-07-11 11:36:26.000000
5934,2017-07-12 03:19:14.000000,2017-07-12 07:58:59.000000
5942,2017-07-14 07:35:12.000000,2017-07-14 09:52:21.000000
5946,2017-07-14 20:10:21.000000,2017-07-14 20:20:59.000000
5950,2017-07-15 00:59:28.000000,2017-07-15 11:13:22.000000
5952,2017-07-15 14:46:50.000000,2017-07-15 16:04:43.000000
5954,2017-07-16 01:39:34.000000,2017-07-16 04:32:31.000000
5958,2017-07-16 12:23:44.000000,2017-07-16 18:12:55.000000
5960,2017-07-18 04:51:46.000000,2017-07-18 09:32:10.000000
5962,2017-07-18 16:07:52.000000,2017-07-19 00:13:28.000000
5963,2017-07-19 02:33:17.000000,2017-07-19 04:18:23.000000
5965,2017-07-19 07:23:25.000000,2017-07-19 09:26:45.000000
5966,2017-07-19 12:02:26.000000,2017-07-19 12:23:17.000000
5971,2017-07-19 23:52:05.000000,2017-07-20 00:40:42.000000
5974,2017-07-20 04:36:06.000000,2017-07-20 04:56:29.000000
5976,2017-07-20 12:41:19.000000,2017-07-21 04:03:44.000000
5979,2017-07-21 17:03:39.000000,2017-07-22 08:29:55.000000
5980,2017-07-22 11:39:42.000000,2017-07-22 18:18:21.000000
5984,2017-07-24 01:53:19.000000,2017-07-24 04:08:42.000000
6012,2017-07-27 12:17:32.000000,2017-07-27 20:24:49.000000
6015,2017-07-28 01:23:24.000000,2017-07-28 01:31:49.000000
6016,2017-07-28 03:52:58.000000,2017-07-28 20:07:54.000000
6018,2017-07-28 23:52:45.000000,2017-07-29 00:03:57.000000
6019,2017-07-29 06:22:09.000000,2017-07-29 09:46:08.000000
6020,2017-07-29 12:11:23.000000,2017-07-29 13:16:19.000000
6021,2017-07-29 16:44:38.000000,2017-07-29 16:58:46.000000
6024,2017-07-29 21:41:31.000000,2017-07-30 13:45:52.000000
6026,2017-07-30 18:48:13.000000,2017-07-31 10:25:02.000000
6030,2017-07-31 17:01:56.000000,2017-07-31 19:40:58.000000
6031,2017-07-31 22:06:51.000000,2017-08-01 12:33:26.000000
6035,2017-08-02 04:44:06.000000,2017-08-02 15:27:39.000000
6041,2017-08-03 12:11:27.000000,2017-08-03 14:34:41.000000
6044,2017-08-03 18:45:38.000000,2017-08-04 06:17:36.000000
6046,2017-08-04 12:15:12.000000,2017-08-05 02:20:38.000000
6048,2017-08-05 07:31:13.000000,2017-08-05 08:46:09.000000
6050,2017-08-05 11:59:48.000000,2017-08-06 03:51:52.000000
6052,2017-08-06 07:00:44.000000,2017-08-07 00:08:45.000000
6053,2017-08-07 02:49:48.000000,2017-08-07 11:55:11.000000
6054,2017-08-07 15:32:30.000000,2017-08-08 07:37:26.000000
6055,2017-08-08 10:44:12.000000,2017-08-08 11:42:08.000000
6057,2017-08-08 16:59:23.000000,2017-08-08 19:01:02.000000
6060,2017-08-09 04:46:28.000000,2017-08-09 19:06:07.000000
6061,2017-08-09 21:45:10.000000,2017-08-10 07:09:30.000000
6072,2017-08-12 01:31:33.000000,2017-08-12 02:02:25.000000
6079,2017-08-14 01:32:43.000000,2017-08-14 04:31:16.000000
6082,2017-08-14 12:09:20.000000,2017-08-14 18:11:14.000000
6084,2017-08-14 21:36:56.000000,2017-08-15 03:37:32.000000
6086,2017-08-15 07:56:52.000000,2017-08-15 10:44:33.000000
6089,2017-08-15 23:06:22.000000,2017-08-16 05:45:00.000000
6090,2017-08-16 09:09:55.000000,2017-08-16 15:08:57.000000
6091,2017-08-16 18:20:05.000000,2017-08-17 00:35:25.000000
6093,2017-08-17 05:30:08.000000,2017-08-17 07:40:42.000000
6094,2017-08-17 11:06:01.000000,2017-08-17 12:58:42.000000
6096,2017-08-17 15:36:19.000000,2017-08-17 18:48:49.000000
6097,2017-08-17 21:42:26.000000,2017-08-18 10:19:05.000000
6098,2017-08-18 12:40:17.000000,2017-08-18 14:50:48.000000
6104,2017-08-19 11:11:10.000000,2017-08-19 20:44:19.000000
6105,2017-08-19 22:59:27.000000,2017-08-20 02:36:10.000000
6106,2017-08-20 14:10:46.000000,2017-08-21 03:01:10.000000
6110,2017-08-21 13:12:25.000000,2017-08-22 01:26:19.000000
6114,2017-08-22 08:45:33.000000,2017-08-22 11:06:17.000000
6116,2017-08-22 23:20:45.000000,2017-08-23 05:06:23.000000
6119,2017-08-23 12:22:58.000000,2017-08-23 18:17:25.000000
6123,2017-08-24 04:22:13.000000,2017-08-24 04:49:26.000000
6136,2017-08-26 13:55:44.000000,2017-08-26 19:06:21.000000
6138,2017-08-27 09:30:54.000000,2017-08-27 13:01:06.000000
6140,2017-08-27 18:22:15.000000,2017-08-28 07:52:01.000000
6141,2017-08-28 10:21:38.000000,2017-08-28 11:28:22.000000
6142,2017-08-28 14:12:03.000000,2017-08-29 04:23:52.000000
6143,2017-08-29 06:54:00.000000,2017-08-29 20:40:55.000000
6146,2017-08-30 03:39:51.000000,2017-08-30 04:01:34.000000
6147,2017-08-30 06:47:43.000000,2017-08-30 21:18:14.000000
6152,2017-08-31 12:17:17.000000,2017-08-31 18:31:19.000000
6155,2017-09-01 00:36:41.000000,2017-09-01 01:19:48.000000
6156,2017-09-01 03:32:11.000000,2017-09-01 12:08:29.000000
6158,2017-09-01 18:38:04.000000,2017-09-02 00:22:30.000000
6159,2017-09-02 03:28:00.000000,2017-09-02 08:03:07.000000
6160,2017-09-02 10:46:15.000000,2017-09-02 17:09:17.000000
6161,2017-09-03 03:30:38.000000,2017-09-03 14:30:10.000000
6165,2017-09-03 22:43:53.000000,2017-09-04 09:08:26.000000
6167,2017-09-04 17:42:04.000000,2017-09-04 23:12:29.000000
6168,2017-09-05 01:48:04.000000,2017-09-05 06:21:57.000000
6169,2017-09-05 09:15:44.000000,2017-09-05 15:59:56.000000
6170,2017-09-05 18:45:46.000000,2017-09-05 23:17:29.000000
6171,2017-09-06 01:56:19.000000,2017-09-06 10:05:55.000000
6174,2017-09-06 20:47:45.000000,2017-09-07 09:10:59.000000
6175,2017-09-07 11:25:54.000000,2017-09-07 23:05:22.000000
6176,2017-09-08 01:18:26.000000,2017-09-08 03:20:46.000000
6177,2017-09-08 06:03:36.000000,2017-09-08 18:15:30.000000
6179,2017-09-08 22:56:05.000000,2017-09-08 23:20:06.000000
6180,2017-09-09 02:17:42.000000,2017-09-09 02:39:13.000000
6182,2017-09-09 07:20:40.000000,2017-09-09 16:47:06.000000
6185,2017-09-10 01:58:01.000000,2017-09-10 04:29:50.000000
6186,2017-09-10 07:11:10.000000,2017-09-10 19:06:02.000000
6189,2017-09-11 03:27:41.000000,2017-09-11 16:32:49.000000
6191,2017-09-12 01:20:50.000000,2017-09-12 13:42:17.000000
6192,2017-09-12 16:22:07.000000,2017-09-12 19:41:14.000000
6193,2017-09-12 22:19:29.000000,2017-09-13 03:36:53.000000
6194,2017-09-13 07:08:30.000000,2017-09-13 13:23:41.000000
6230,2017-09-22 18:02:33.000000,2017-09-22 20:07:41.000000
6236,2017-09-23 12:21:00.000000,2017-09-23 15:47:32.000000
6238,2017-09-23 18:51:58.000000,2017-09-24 00:38:08.000000
6239,2017-09-24 02:55:48.000000,2017-09-24 08:50:06.000000
6240,2017-09-24 11:11:06.000000,2017-09-24 23:17:27.000000
6241,2017-09-25 01:47:19.000000,2017-09-25 14:44:09.000000
6243,2017-09-25 19:08:12.000000,2017-09-26 08:05:39.000000
6245,2017-09-26 12:46:26.000000,2017-09-27 01:02:24.000000
6247,2017-09-27 07:03:42.000000,2017-09-27 14:05:11.000000
6252,2017-09-27 20:36:10.000000,2017-09-28 09:21:36.000000
6253,2017-09-28 12:27:43.000000,2017-09-29 02:10:48.000000
6255,2017-09-29 05:26:46.000000,2017-09-29 22:58:45.000000
6258,2017-09-30 05:42:53.000000,2017-09-30 19:39:26.000000
6259,2017-09-30 22:10:44.000000,2017-10-01 13:12:45.000000
6261,2017-10-01 17:45:37.000000,2017-10-01 21:00:55.000000
6262,2017-10-01 23:40:15.000000,2017-10-02 03:16:24.000000
6263,2017-10-02 05:32:35.000000,2017-10-02 08:19:27.000000
6266,2017-10-02 17:39:09.000000,2017-10-03 05:35:29.000000
6268,2017-10-03 11:48:19.000000,2017-10-03 22:06:51.000000
6269,2017-10-04 03:16:41.000000,2017-10-04 04:41:16.000000
6271,2017-10-04 09:19:12.000000,2017-10-04 21:13:17.000000
6272,2017-10-05 00:45:51.000000,2017-10-05 12:46:57.000000
6275,2017-10-05 18:52:10.000000,2017-10-06 07:44:05.000000
6276,2017-10-06 12:29:26.000000,2017-10-06 17:40:19.000000
6278,2017-10-06 22:14:10.000000,2017-10-07 04:25:12.000000
6279,2017-10-07 07:34:47.000000,2017-10-07 10:42:07.000000
6283,2017-10-08 01:24:17.000000,2017-10-08 13:26:40.000000
6284,2017-10-08 15:48:40.000000,2017-10-08 22:29:16.000000
6285,2017-10-09 00:42:01.000000,2017-10-09 08:34:56.000000
6287,2017-10-09 19:52:06.000000,2017-10-10 09:15:36.000000
6288,2017-10-10 12:07:17.000000,2017-10-11 00:13:42.000000
6291,2017-10-11 07:03:12.000000,2017-10-12 02:01:48.000000
6295,2017-10-12 20:21:26.000000,2017-10-13 02:51:01.000000
6297,2017-10-13 19:49:19.000000,2017-10-14 09:26:13.000000
6298,2017-10-14 11:43:47.000000,2017-10-15 04:51:23.000000
6300,2017-10-15 09:04:02.000000,2017-10-15 15:56:00.000000
6303,2017-10-15 23:05:48.000000,2017-10-16 12:33:58.000000
6304,2017-10-16 17:18:46.000000,2017-10-17 05:38:35.000000
6305,2017-10-17 08:17:17.000000,2017-10-17 21:20:01.000000
6306,2017-10-17 23:33:10.000000,2017-10-18 08:40:22.000000
6307,2017-10-18 10:58:56.000000,2017-10-18 19:08:06.000000
6308,2017-10-18 23:57:38.000000,2017-10-19 12:44:00.000000
6309,2017-10-19 15:27:03.000000,2017-10-19 16:21:57.000000
6311,2017-10-19 20:26:45.000000,2017-10-20 09:21:53.000000
6312,2017-10-20 12:10:18.000000,2017-10-20 23:33:09.000000
6313,2017-10-21 02:00:07.000000,2017-10-21 03:18:33.000000
6314,2017-10-21 05:42:15.000000,2017-10-21 21:44:33.000000
6315,2017-10-22 00:10:02.000000,2017-10-22 10:59:46.000000
6317,2017-10-22 18:14:50.000000,2017-10-23 07:20:21.000000
6318,2017-10-23 10:49:19.000000,2017-10-23 13:23:32.000000
6323,2017-10-23 23:41:43.000000,2017-10-24 12:11:27.000000
6324,2017-10-24 17:45:49.000000,2017-10-25 09:56:10.000000
6325,2017-10-25 13:26:58.000000,2017-10-26 04:36:20.000000
6336,2017-10-26 20:23:44.000000,2017-10-27 00:26:41.000000
6337,2017-10-27 04:36:35.000000,2017-10-27 10:10:39.000000
6341,2017-10-27 23:19:37.000000,2017-10-28 00:16:01.000000
6343,2017-10-28 06:16:02.000000,2017-10-28 18:07:40.000000
6344,2017-10-28 20:28:16.000000,2017-10-29 01:29:21.000000
6346,2017-10-29 11:21:55.000000,2017-10-30 04:44:18.000000
6347,2017-10-30 11:27:27.000000,2017-10-30 15:31:29.000000
6348,2017-10-30 20:21:01.000000,2017-10-31 00:58:19.000000
6349,2017-10-31 04:25:47.000000,2017-10-31 07:29:29.000000
6351,2017-10-31 15:21:39.000000,2017-10-31 16:20:47.000000
6355,2017-11-01 18:27:38.000000,2017-11-01 19:24:26.000000
6356,2017-11-01 22:42:36.000000,2017-11-02 10:47:14.000000
6358,2017-11-02 16:16:32.000000,2017-11-03 06:24:02.000000
6360,2017-11-03 13:14:46.000000,2017-11-04 13:29:18.000000
6362,2017-11-04 17:38:37.000000,2017-11-05 17:31:56.000000
6364,2017-11-06 02:34:59.000000,2017-11-07 05:59:10.000000
6370,2017-11-09 01:27:21.000000,2017-11-09 10:55:40.000000
6371,2017-11-09 14:17:37.000000,2017-11-10 14:09:46.000000
6380,2017-11-11 19:30:07.000000,2017-11-12 05:33:54.000000
6381,2017-11-12 07:16:40.000000,2017-11-12 13:19:00.000000
6382,2017-11-12 15:15:51.000000,2017-11-12 16:12:03.000000
6384,2017-11-12 18:47:14.000000,2017-11-13 05:25:56.000000
6385,2017-11-13 07:56:40.000000,2017-11-14 09:40:16.000000
6386,2017-11-14 11:45:18.000000,2017-11-14 23:17:15.000000
6387,2017-11-15 00:48:40.000000,2017-11-15 00:51:54.000000
6388,2017-11-15 02:45:08.000000,2017-11-15 03:00:52.000000
6389,2017-11-15 04:35:19.000000,2017-11-15 11:38:06.000000
6390,2017-11-15 15:12:44.000000,2017-11-15 23:09:10.000000
6392,2017-11-16 04:51:09.000000,2017-11-16 13:54:44.000000
6396,2017-11-16 21:47:12.000000,2017-11-18 10:57:37.000000
6397,2017-11-18 12:40:05.000000,2017-11-19 18:59:56.000000
6398,2017-11-19 20:45:46.000000,2017-11-20 09:45:33.000000
6399,2017-11-20 12:05:51.000000,2017-11-21 06:01:47.000000
6402,2017-11-21 12:58:09.000000,2017-11-21 13:20:41.000000
6404,2017-11-21 17:05:28.000000,2017-11-21 19:14:35.000000
6405,2017-11-21 21:36:05.000000,2017-11-22 08:01:32.000000
6411,2017-11-22 21:45:50.000000,2017-11-23 14:53:53.000000
6413,2017-11-23 19:37:10.000000,2017-11-25 00:14:33.000000
6415,2017-11-25 04:26:13.000000,2017-11-25 21:43:43.000000
6417,2017-11-26 01:57:50.000000,2017-11-26 10:31:27.000000
6570,2018-04-17 10:54:13.000000,2018-04-17 18:19:35.000000
6573,2018-04-17 22:29:29.000000,2018-04-18 05:10:23.000000
6574,2018-04-18 20:28:05.000000,2018-04-19 08:01:38.000000
6579,2018-04-19 22:22:37.000000,2018-04-20 10:17:58.000000
6583,2018-04-20 17:48:22.000000,2018-04-20 23:40:00.000000
6584,2018-04-21 02:04:19.000000,2018-04-21 08:55:08.000000
6592,2018-04-21 21:15:45.000000,2018-04-22 00:10:06.000000
6594,2018-04-22 07:29:21.000000,2018-04-22 16:43:44.000000
6595,2018-04-22 20:14:51.000000,2018-04-23 05:19:20.000000
6611,2018-04-24 20:35:26.000000,2018-04-25 07:08:13.000000
6612,2018-04-25 12:16:58.000000,2018-04-25 20:52:40.000000
6613,2018-04-25 23:23:51.000000,2018-04-25 23:50:36.000000
6614,2018-04-26 01:46:32.000000,2018-04-26 07:06:41.000000
6615,2018-04-26 17:54:05.000000,2018-04-26 23:04:52.000000
6616,2018-04-27 02:44:14.000000,2018-04-27 11:18:38.000000
6617,2018-04-27 14:40:39.000000,2018-04-27 23:21:21.000000
6618,2018-04-28 03:05:12.000000,2018-04-28 07:08:43.000000
6620,2018-04-28 19:31:27.000000,2018-04-29 00:38:51.000000
6621,2018-04-29 03:16:59.000000,2018-04-29 13:36:14.000000
6624,2018-04-29 23:52:54.000000,2018-04-30 11:04:49.000000
6628,2018-04-30 19:07:27.000000,2018-05-01 07:08:50.000000
6629,2018-05-01 10:07:32.000000,2018-05-01 20:43:08.000000
6633,2018-05-02 04:08:50.000000,2018-05-02 04:55:21.000000
6636,2018-05-02 09:41:43.000000,2018-05-02 12:18:54.000000
6638,2018-05-02 21:30:32.000000,2018-05-03 11:51:11.000000
6639,2018-05-03 14:57:33.000000,2018-05-04 02:49:49.000000
6640,2018-05-04 08:07:20.000000,2018-05-04 17:16:34.000000
6641,2018-05-04 19:34:10.000000,2018-05-05 02:38:46.000000
6642,2018-05-05 05:07:08.000000,2018-05-05 08:59:17.000000
6643,2018-05-05 11:56:48.000000,2018-05-05 12:21:01.000000
6645,2018-05-05 15:47:19.000000,2018-05-05 17:34:38.000000
6646,2018-05-06 02:19:17.000000,2018-05-06 04:14:41.000000
6648,2018-05-06 11:05:58.000000,2018-05-07 00:13:12.000000
6650,2018-05-07 06:54:06.000000,2018-05-07 13:11:02.000000
6654,2018-05-07 21:18:17.000000,2018-05-08 04:38:27.000000
6659,2018-05-08 23:32:14.000000,2018-05-09 05:47:50.000000
6662,2018-05-09 20:46:21.000000,2018-05-10 10:33:05.000000
6663,2018-05-10 12:44:50.000000,2018-05-10 15:10:21.000000
6666,2018-05-10 21:13:15.000000,2018-05-11 10:22:38.000000
6672,2018-05-11 16:54:26.000000,2018-05-11 22:02:43.000000
6674,2018-05-12 02:59:06.000000,2018-05-12 16:54:31.000000
6675,2018-05-12 18:54:17.000000,2018-05-13 08:33:35.000000
6677,2018-05-13 11:56:37.000000,2018-05-14 01:26:28.000000
6681,2018-05-14 05:51:16.000000,2018-05-14 19:52:57.000000
6683,2018-05-15 00:22:48.000000,2018-05-15 00:57:42.000000
6688,2018-05-15 17:13:32.000000,2018-05-15 21:51:59.000000
6690,2018-05-16 01:54:58.000000,2018-05-16 10:44:21.000000
6692,2018-05-16 16:47:58.000000,2018-05-16 16:57:22.000000
6693,2018-05-16 19:15:17.000000,2018-05-17 05:05:52.000000
6694,2018-05-17 07:47:29.000000,2018-05-17 17:17:49.000000
6696,2018-05-18 00:23:09.000000,2018-05-18 09:00:10.000000
6699,2018-05-18 20:34:28.000000,2018-05-18 23:42:28.000000
6700,2018-05-19 02:14:04.000000,2018-05-19 14:45:31.000000
6702,2018-05-19 20:54:27.000000,2018-05-20 00:13:50.000000
6706,2018-05-20 07:51:04.000000,2018-05-20 11:26:27.000000
6709,2018-05-20 19:59:06.000000,2018-05-21 05:32:27.000000
6710,2018-05-21 11:44:24.000000,2018-05-21 19:52:20.000000
6711,2018-05-22 01:09:41.000000,2018-05-22 14:25:10.000000
6712,2018-05-22 16:41:51.000000,2018-05-23 03:07:36.000000
6714,2018-05-23 05:49:03.000000,2018-05-23 19:47:58.000000
6719,2018-05-24 23:16:03.000000,2018-05-25 07:18:31.000000
6724,2018-05-25 17:29:05.000000,2018-05-25 18:28:32.000000
6729,2018-05-26 14:24:30.000000,2018-05-27 02:06:20.000000
6731,2018-05-27 20:03:16.000000,2018-05-27 23:07:27.000000
6733,2018-05-28 03:31:51.000000,2018-05-28 09:08:51.000000
6737,2018-05-28 20:39:33.000000,2018-05-28 20:50:51.000000
6738,2018-05-28 23:13:17.000000,2018-05-29 11:18:46.000000
6741,2018-05-30 09:14:32.000000,2018-05-30 18:13:10.000000
6744,2018-05-31 02:41:18.000000,2018-05-31 06:05:55.000000
6747,2018-05-31 17:10:05.000000,2018-05-31 20:13:58.000000
6749,2018-06-01 02:52:16.000000,2018-06-01 16:32:15.000000
6751,2018-06-01 19:41:25.000000,2018-06-02 08:30:17.000000
6752,2018-06-02 10:47:14.000000,2018-06-02 15:00:28.000000
6755,2018-06-03 16:33:10.000000,2018-06-03 17:28:14.000000
6757,2018-06-04 03:20:58.000000,2018-06-04 16:09:11.000000
6759,2018-06-04 22:47:35.000000,2018-06-05 11:33:18.000000
6761,2018-06-05 18:12:50.000000,2018-06-06 04:57:05.000000
6762,2018-06-06 10:23:19.000000,2018-06-06 18:18:41.000000
6763,2018-06-06 22:51:03.000000,2018-06-07 08:14:42.000000
6768,2018-06-08 07:06:43.000000,2018-06-08 09:01:38.000000
6770,2018-06-08 20:44:15.000000,2018-06-09 09:48:42.000000
6772,2018-06-09 13:46:42.000000,2018-06-10 04:04:14.000000
6773,2018-06-10 06:26:57.000000,2018-06-10 19:39:23.000000
6774,2018-06-10 21:55:36.000000,2018-06-11 12:02:38.000000
6776,2018-06-11 16:17:14.000000,2018-06-11 18:23:09.000000
6778,2018-06-11 23:59:36.000000,2018-06-12 04:14:51.000000
6843,2018-06-25 19:25:42.000000,2018-06-25 20:55:18.000000
6847,2018-06-26 06:55:49.000000,2018-06-26 11:53:19.000000
6850,2018-06-26 19:13:37.000000,2018-06-26 23:04:26.000000
6854,2018-06-27 20:56:48.000000,2018-06-28 00:14:37.000000
6858,2018-06-28 06:29:18.000000,2018-06-28 06:57:54.000000
6860,2018-06-28 15:49:40.000000,2018-06-29 00:50:51.000000
6864,2018-06-29 17:07:32.000000,2018-06-30 03:00:11.000000
6868,2018-06-30 09:52:45.000000,2018-07-01 07:46:24.000000
6874,2018-07-01 23:26:34.000000,2018-07-01 23:43:41.000000
6877,2018-07-02 08:10:30.000000,2018-07-02 10:36:23.000000
6879,2018-07-02 14:47:30.000000,2018-07-02 17:30:55.000000
6881,2018-07-03 05:08:14.000000,2018-07-03 11:28:51.000000
6882,2018-07-03 15:54:14.000000,2018-07-04 06:54:16.000000
6884,2018-07-04 10:20:43.000000,2018-07-04 12:34:58.000000
6885,2018-07-04 20:13:20.000000,2018-07-04 22:20:23.000000
6890,2018-07-05 12:09:03.000000,2018-07-06 11:01:18.000000
6891,2018-07-06 14:23:22.000000,2018-07-06 21:50:19.000000
6892,2018-07-07 00:42:03.000000,2018-07-07 12:02:21.000000
6901,2018-07-08 02:04:48.000000,2018-07-08 16:20:13.000000
6904,2018-07-08 19:52:09.000000,2018-07-09 01:21:13.000000
6909,2018-07-09 20:58:37.000000,2018-07-11 03:02:31.000000
6911,2018-07-11 09:09:33.000000,2018-07-11 19:34:06.000000
6912,2018-07-11 22:26:29.000000,2018-07-12 11:52:01.000000
6913,2018-07-12 16:39:23.000000,2018-07-12 18:59:53.000000
6919,2018-07-13 04:42:21.000000,2018-07-14 01:00:23.000000
6921,2018-07-14 14:04:36.000000,2018-07-14 15:20:00.000000
6923,2018-07-14 18:51:07.000000,2018-07-15 04:26:53.000000
6924,2018-07-15 07:22:58.000000,2018-07-15 12:24:16.000000
6925,2018-07-15 15:19:04.000000,2018-07-15 17:01:08.000000
6927,2018-07-15 22:26:45.000000,2018-07-15 22:45:56.000000
6929,2018-07-16 02:16:19.000000,2018-07-16 07:16:38.000000
6931,2018-07-16 15:38:02.000000,2018-07-17 04:08:32.000000
6939,2018-07-17 22:26:55.000000,2018-07-18 01:52:20.000000
6940,2018-07-18 04:01:20.000000,2018-07-18 11:15:06.000000
6942,2018-07-19 02:38:18.000000,2018-07-19 13:19:18.000000
6944,2018-07-19 19:58:39.000000,2018-07-19 22:01:17.000000
6946,2018-07-20 02:44:37.000000,2018-07-20 03:50:47.000000
6953,2018-07-20 15:47:48.000000,2018-07-21 05:15:02.000000
6956,2018-07-21 08:16:42.000000,2018-07-21 19:17:10.000000
6957,2018-07-21 21:31:55.000000,2018-07-22 04:09:11.000000
6960,2018-07-22 07:07:46.000000,2018-07-22 16:15:37.000000
6961,2018-07-22 18:31:27.000000,2018-07-23 04:09:26.000000
6966,2018-07-23 22:37:25.000000,2018-07-24 00:21:27.000000
6998,2018-07-30 08:27:50.000000,2018-07-30 10:48:48.000000
7003,2018-07-31 02:21:31.000000,2018-07-31 07:10:01.000000
7005,2018-08-01 02:31:57.000000,2018-08-01 12:15:03.000000
7006,2018-08-01 15:23:09.000000,2018-08-01 19:16:57.000000
7008,2018-08-02 02:43:57.000000,2018-08-02 04:04:19.000000
7013,2018-08-02 14:36:44.000000,2018-08-02 16:47:16.000000
7017,2018-08-03 07:26:54.000000,2018-08-03 20:32:59.000000
7018,2018-08-03 23:56:39.000000,2018-08-04 13:48:46.000000
7020,2018-08-04 17:30:13.000000,2018-08-04 23:45:50.000000
7024,2018-08-05 06:47:10.000000,2018-08-05 18:17:47.000000
7026,2018-08-05 22:37:41.000000,2018-08-06 01:15:47.000000
7031,2018-08-06 09:11:32.000000,2018-08-06 23:07:27.000000
7033,2018-08-07 03:28:26.000000,2018-08-07 13:18:10.000000
7035,2018-08-07 15:51:29.000000,2018-08-07 16:31:17.000000
7036,2018-08-07 19:28:01.000000,2018-08-07 23:12:10.000000
7037,2018-08-08 01:46:40.000000,2018-08-08 15:16:46.000000
7039,2018-08-09 03:16:49.000000,2018-08-09 15:32:23.000000
7040,2018-08-09 18:20:41.000000,2018-08-10 04:56:03.000000
7042,2018-08-10 15:11:43.000000,2018-08-11 04:17:29.000000
7043,2018-08-11 08:38:40.000000,2018-08-11 19:35:23.000000
7045,2018-08-11 22:24:56.000000,2018-08-12 09:29:59.000000
7047,2018-08-12 14:32:32.000000,2018-08-12 21:49:42.000000
7048,2018-08-13 03:39:08.000000,2018-08-13 07:26:12.000000
7052,2018-08-13 12:12:40.000000,2018-08-14 00:28:57.000000
7053,2018-08-14 03:32:38.000000,2018-08-14 09:30:37.000000
7054,2018-08-14 12:40:20.000000,2018-08-14 12:51:56.000000
7055,2018-08-14 15:04:44.000000,2018-08-14 23:22:00.000000
7056,2018-08-15 02:01:20.000000,2018-08-16 04:37:25.000000
7058,2018-08-17 05:07:19.000000,2018-08-17 18:30:11.000000
7061,2018-08-17 21:13:14.000000,2018-08-18 11:24:43.000000
7063,2018-08-18 13:50:33.000000,2018-08-19 00:56:46.000000
7065,2018-08-19 07:37:02.000000,2018-08-19 20:37:51.000000
7069,2018-08-20 01:29:38.000000,2018-08-20 14:44:22.000000
7078,2018-08-23 13:17:51.000000,2018-08-23 15:24:42.000000
7080,2018-08-23 21:10:03.000000,2018-08-24 09:30:26.000000
7083,2018-08-24 13:48:00.000000,2018-08-25 01:17:14.000000
7087,2018-08-25 12:10:51.000000,2018-08-26 01:02:56.000000
7088,2018-08-26 03:25:54.000000,2018-08-26 04:44:22.000000
7090,2018-08-26 09:14:38.000000,2018-08-26 21:51:42.000000
7091,2018-08-27 00:09:08.000000,2018-08-27 13:17:19.000000
7092,2018-08-27 17:56:29.000000,2018-08-27 20:53:05.000000
7095,2018-08-28 01:02:52.000000,2018-08-28 06:51:57.000000
7097,2018-08-28 13:39:00.000000,2018-08-29 03:16:08.000000
7098,2018-08-29 05:23:16.000000,2018-08-29 10:41:29.000000
7099,2018-08-29 14:08:08.000000,2018-08-29 15:59:34.000000
7101,2018-08-29 21:25:40.000000,2018-08-30 00:00:41.000000
7105,2018-08-30 09:43:18.000000,2018-08-30 23:16:09.000000
7108,2018-08-31 03:55:32.000000,2018-08-31 16:21:53.000000
7109,2018-08-31 18:43:41.000000,2018-08-31 18:59:02.000000
7110,2018-08-31 21:01:43.000000,2018-09-01 08:30:43.000000
7112,2018-09-01 11:07:57.000000,2018-09-01 11:24:23.000000
7114,2018-09-01 20:27:30.000000,2018-09-01 20:37:02.000000
7117,2018-09-02 02:39:39.000000,2018-09-02 07:03:01.000000
7118,2018-09-02 11:23:02.000000,2018-09-02 18:06:54.000000
7120,2018-09-02 21:39:31.000000,2018-09-03 03:02:29.000000
7122,2018-09-03 06:36:04.000000,2018-09-03 13:00:23.000000
7123,2018-09-03 16:39:01.000000,2018-09-04 03:58:29.000000
7124,2018-09-04 05:54:50.000000,2018-09-04 18:20:19.000000
7125,2018-09-04 20:28:24.000000,2018-09-05 06:29:46.000000
7127,2018-09-05 12:00:34.000000,2018-09-06 00:12:42.000000
7128,2018-09-06 02:11:01.000000,2018-09-06 08:48:05.000000
7131,2018-09-06 13:42:18.000000,2018-09-06 23:13:33.000000
7132,2018-09-07 01:04:30.000000,2018-09-07 06:48:04.000000
7133,2018-09-07 11:09:08.000000,2018-09-07 14:37:38.000000
7135,2018-09-07 17:46:00.000000,2018-09-07 21:18:46.000000
7137,2018-09-08 01:18:17.000000,2018-09-08 14:22:59.000000
7139,2018-09-08 17:32:08.000000,2018-09-09 06:03:06.000000
7142,2018-09-09 08:31:35.000000,2018-09-09 08:36:13.000000
7144,2018-09-09 15:57:47.000000,2018-09-10 01:06:23.000000
7145,2018-09-10 03:30:57.000000,2018-09-10 12:29:58.000000
7188,2018-09-16 08:40:42.000000,2018-09-16 13:09:10.000000
7211,2018-09-23 11:49:56.000000,2018-09-23 15:51:20.000000
7212,2018-09-23 18:22:44.000000,2018-09-23 23:52:25.000000
7213,2018-09-24 01:47:40.000000,2018-09-24 06:29:17.000000
7217,2018-09-24 13:46:39.000000,2018-09-24 22:32:56.000000
7218,2018-09-25 03:27:18.000000,2018-09-25 14:10:31.000000
7220,2018-09-25 18:20:05.000000,2018-09-25 19:55:11.000000
7221,2018-09-25 22:20:41.000000,2018-09-26 13:13:08.000000
7234,2018-09-29 01:46:26.000000,2018-09-29 14:13:09.000000
7236,2018-09-29 18:37:40.000000,2018-09-30 03:36:33.000000
7239,2018-09-30 11:16:33.000000,2018-09-30 17:22:18.000000
7240,2018-09-30 19:48:11.000000,2018-10-01 02:44:36.000000
7242,2018-10-01 07:33:51.000000,2018-10-01 13:55:58.000000
7245,2018-10-01 23:30:46.000000,2018-10-02 04:56:45.000000
7252,2018-10-03 01:11:50.000000,2018-10-03 11:36:44.000000
7253,2018-10-03 14:00:22.000000,2018-10-03 20:44:15.000000
7256,2018-10-04 01:47:33.000000,2018-10-04 10:44:28.000000
7259,2018-10-04 22:19:53.000000,2018-10-05 08:15:21.000000
7264,2018-10-06 23:57:10.000000,2018-10-07 16:27:28.000000
7265,2018-10-07 21:29:04.000000,2018-10-07 22:49:17.000000
7266,2018-10-08 01:30:00.000000,2018-10-08 12:15:58.000000
7270,2018-10-08 23:06:57.000000,2018-10-09 14:05:14.000000
7271,2018-10-09 16:17:58.000000,2018-10-09 20:04:33.000000
7274,2018-10-10 23:34:01.000000,2018-10-11 04:30:50.000000
7299,2018-10-14 00:52:40.000000,2018-10-14 05:55:33.000000
7300,2018-10-14 07:43:23.000000,2018-10-14 11:13:36.000000
7304,2018-10-15 01:13:21.000000,2018-10-15 01:25:53.000000
7308,2018-10-16 08:23:33.000000,2018-10-16 10:48:24.000000
7309,2018-10-16 12:55:26.000000,2018-10-17 03:54:11.000000
7310,2018-10-17 06:15:19.000000,2018-10-17 17:59:53.000000
7314,2018-10-17 22:29:10.000000,2018-10-18 13:29:17.000000
7315,2018-10-18 16:06:07.000000,2018-10-19 03:25:11.000000
7317,2018-10-19 06:40:07.000000,2018-10-19 07:35:50.000000
7320,2018-10-19 14:49:06.000000,2018-10-20 05:57:25.000000
7321,2018-10-20 08:15:18.000000,2018-10-20 23:13:16.000000
7324,2018-10-21 04:30:35.000000,2018-10-21 14:22:52.000000
7328,2018-10-21 21:09:41.000000,2018-10-22 07:15:37.000000
7331,2018-10-22 14:06:23.000000,2018-10-22 16:20:33.000000
7333,2018-10-22 21:17:59.000000,2018-10-23 11:15:40.000000
7334,2018-10-23 14:36:55.000000,2018-10-24 04:01:32.000000
7358,2018-10-26 06:11:24.000000,2018-10-26 08:22:53.000000
7406,2018-11-05 02:01:10.000000,2018-11-05 03:33:34.000000
7407,2018-11-05 04:33:58.000000,2018-11-05 06:27:31.000000
7427,2018-11-08 20:19:22.000000,2018-11-09 03:21:11.000000
7428,2018-11-09 05:25:01.000000,2018-11-09 08:34:13.000000
7433,2018-11-09 23:15:29.000000,2018-11-10 03:29:42.000000
7435,2018-11-10 15:46:16.000000,2018-11-10 21:22:39.000000
7436,2018-11-11 00:45:40.000000,2018-11-11 06:23:17.000000
7437,2018-11-11 10:54:03.000000,2018-11-11 14:47:10.000000
7438,2018-11-11 18:58:30.000000,2018-11-12 01:38:24.000000
7439,2018-11-12 06:41:35.000000,2018-11-12 13:41:11.000000
7440,2018-11-12 19:02:15.000000,2018-11-13 02:43:52.000000
7441,2018-11-13 06:28:55.000000,2018-11-13 13:54:49.000000
7442,2018-11-13 18:56:15.000000,2018-11-13 22:45:49.000000
7443,2018-11-14 16:15:37.000000,2018-11-14 22:15:51.000000
7444,2018-11-15 01:56:59.000000,2018-11-15 09:18:26.000000
7446,2018-11-15 19:13:59.000000,2018-11-16 02:35:37.000000
7448,2018-11-16 07:32:06.000000,2018-11-16 14:54:37.000000
7449,2018-11-16 17:31:11.000000,2018-11-17 00:54:17.000000
7450,2018-11-17 03:30:20.000000,2018-11-17 10:50:21.000000
7453,2018-11-18 06:36:16.000000,2018-11-18 19:09:58.000000
7454,2018-11-18 23:35:23.000000,2018-11-19 15:48:37.000000
7456,2018-11-19 21:21:09.000000,2018-11-20 04:11:11.000000
7457,2018-11-20 10:03:56.000000,2018-11-20 17:19:58.000000
7459,2018-11-20 23:09:46.000000,2018-11-20 23:17:59.000000
7460,2018-11-21 01:41:28.000000,2018-11-21 06:33:06.000000
7464,2018-11-22 02:58:12.000000,2018-11-22 09:29:21.000000
7466,2018-11-22 18:08:58.000000,2018-11-23 02:46:34.000000
7467,2018-11-23 08:58:58.000000,2018-11-23 16:57:39.000000
7468,2018-11-23 19:43:10.000000,2018-11-24 05:33:12.000000
7471,2018-11-24 13:35:22.000000,2018-11-24 21:43:04.000000
7472,2018-11-25 00:25:00.000000,2018-11-25 08:15:05.000000
7473,2018-11-25 10:49:04.000000,2018-11-25 20:36:57.000000
7474,2018-11-26 01:13:24.000000,2018-11-26 07:07:01.000000
7475,2018-11-26 17:06:31.000000,2018-11-26 17:36:34.000000
7477,2018-11-26 22:27:28.000000,2018-11-27 07:17:19.000000
7480,2018-11-27 23:10:17.000000,2018-11-28 07:03:25.000000
7481,2018-11-28 10:00:41.000000,2018-11-28 18:24:24.000000
7482,2018-11-28 22:10:04.000000,2018-11-28 22:38:35.000000
7483,2018-11-29 01:33:11.000000,2018-11-29 14:34:29.000000
7485,2018-11-29 20:29:07.000000,2018-11-30 04:20:14.000000
7486,2018-11-30 08:38:53.000000,2018-11-30 16:14:35.000000
7487,2018-11-30 19:04:56.000000,2018-12-01 03:34:24.000000
7488,2018-12-01 06:40:41.000000,2018-12-01 14:46:15.000000
7489,2018-12-01 17:27:17.000000,2018-12-01 18:10:36.000000
7490,2018-12-01 20:37:47.000000,2018-12-02 05:09:09.000000
7491,2018-12-02 07:48:40.000000,2018-12-02 12:37:58.000000
7492,2018-12-02 14:52:48.000000,2018-12-02 16:10:07.000000
7515,2021-10-27 07:18:07.000000,2021-10-27 10:37:14.000000
7516,2021-10-27 21:53:39.000000,2021-10-28 02:09:25.000000
7517,2021-10-28 20:33:42.000000,2021-10-29 00:54:01.000000
7518,2021-10-29 01:40:32.000000,2021-10-29 04:20:46.000000
7520,2021-10-29 20:55:11.000000,2021-10-30 01:49:10.000000
7521,2021-10-30 02:36:10.000000,2021-10-30 07:26:52.000000
7524,2021-10-30 18:43:12.000000,2021-10-30 20:58:14.000000
7525,2021-10-30 21:40:53.000000,2021-10-31 00:29:15.000000
7526,2021-10-31 01:25:04.000000,2021-10-31 01:29:54.000000
7527,2021-10-31 05:01:37.000000,2021-10-31 07:51:26.000000
7531,2021-10-31 23:17:13.000000,2021-11-01 05:02:18.000000
7533,2022-04-08 08:08:49.000000,2022-04-08 08:15:11.000000
7652,2022-05-27 07:51:04.000000,2022-05-27 12:10:06.000000
7662,2022-05-28 05:23:27.000000,2022-05-28 05:30:39.000000
7663,2022-05-28 06:25:34.000000,2022-05-28 12:31:58.000000
7670,2022-05-29 06:13:10.000000,2022-05-29 12:36:19.000000
7692,2022-06-03 06:58:41.000000,2022-06-03 13:48:45.000000
7694,2022-06-04 00:36:06.000000,2022-06-04 03:02:14.000000
7696,2022-06-04 03:33:11.000000,2022-06-04 05:46:57.000000
7697,2022-06-04 06:22:40.000000,2022-06-04 09:14:39.000000
7702,2022-06-05 04:36:40.000000,2022-06-05 13:01:38.000000
7703,2022-06-05 14:41:27.000000,2022-06-05 16:42:07.000000
7733,2022-06-13 07:52:43.000000,2022-06-13 12:41:35.000000
7822,2022-06-20 07:55:49.000000,2022-06-20 12:10:44.000000
7876,2022-06-26 22:08:59.000000,2022-06-27 04:02:12.000000
7895,2022-07-01 06:30:56.000000,2022-07-01 11:01:02.000000
7916,2022-07-05 00:12:50.000000,2022-07-05 02:28:41.000000
7920,2022-07-05 14:47:08.000000,2022-07-06 00:03:32.000000
7921,2022-07-06 02:34:04.000000,2022-07-06 12:19:37.000000
7923,2022-07-07 00:21:03.000000,2022-07-07 10:44:09.000000
7960,2022-07-10 12:14:53.000000,2022-07-10 20:59:22.000000
7963,2022-07-11 02:27:26.000000,2022-07-11 12:12:05.000000
7965,2022-07-11 14:40:07.000000,2022-07-11 15:06:11.000000
7966,2022-07-11 17:18:58.000000,2022-07-11 22:37:37.000000
7967,2022-07-12 01:33:29.000000,2022-07-12 08:23:22.000000
7969,2022-07-13 00:37:45.000000,2022-07-13 04:29:22.000000
7978,2022-07-14 16:56:33.000000,2022-07-15 04:09:21.000000
8007,2022-07-18 03:13:17.000000,2022-07-18 07:21:52.000000
8016,2022-07-19 18:07:59.000000,2022-07-19 20:33:15.000000
8017,2022-07-19 22:59:34.000000,2022-07-20 07:21:51.000000
8018,2022-07-20 10:23:41.000000,2022-07-20 11:37:08.000000
8019,2022-07-20 14:17:14.000000,2022-07-20 16:04:09.000000
8020,2022-07-20 18:48:29.000000,2022-07-20 21:28:37.000000
8022,2022-07-21 01:54:44.000000,2022-07-21 04:34:10.000000
8023,2022-07-21 06:45:06.000000,2022-07-21 08:03:35.000000
8027,2022-07-21 23:02:09.000000,2022-07-22 05:32:01.000000
8030,2022-07-22 17:52:16.000000,2022-07-22 19:21:40.000000
8033,2022-07-23 12:41:34.000000,2022-07-23 21:04:29.000000
8043,2022-07-25 11:05:34.000000,2022-07-25 11:22:57.000000
8046,2022-07-25 17:43:49.000000,2022-07-25 19:55:34.000000
8057,2022-07-27 17:54:58.000000,2022-07-27 18:46:28.000000
8058,2022-07-27 21:39:06.000000,2022-07-27 22:51:44.000000
8059,2022-07-28 00:59:00.000000,2022-07-28 06:01:20.000000
8062,2022-07-28 16:45:46.000000,2022-07-28 17:00:37.000000
8063,2022-07-28 19:03:39.000000,2022-07-29 07:33:27.000000
8067,2022-07-29 13:49:24.000000,2022-07-29 19:42:56.000000
8068,2022-07-29 22:04:45.000000,2022-07-30 02:05:47.000000
8072,2022-07-30 09:55:44.000000,2022-07-30 22:27:56.000000
8073,2022-07-31 00:47:20.000000,2022-07-31 05:31:03.000000
8076,2022-07-31 18:50:53.000000,2022-08-01 02:35:51.000000
8078,2022-08-01 14:48:30.000000,2022-08-01 16:49:24.000000
8079,2022-08-01 18:51:43.000000,2022-08-01 21:29:32.000000
8081,2022-08-02 05:10:23.000000,2022-08-02 14:03:59.000000
8083,2022-08-02 18:10:05.000000,2022-08-03 04:49:07.000000
8087,2022-08-03 22:03:42.000000,2022-08-03 22:53:08.000000
8088,2022-08-04 01:04:59.000000,2022-08-04 11:37:16.000000
8091,2022-08-04 19:35:03.000000,2022-08-04 21:14:24.000000
8094,2022-08-05 02:19:08.000000,2022-08-05 11:10:34.000000
8098,2022-08-06 01:12:43.000000,2022-08-06 01:42:32.000000
8099,2022-08-06 03:55:45.000000,2022-08-06 04:35:08.000000
8100,2022-08-06 14:01:32.000000,2022-08-06 14:50:13.000000
8102,2022-08-06 17:25:35.000000,2022-08-07 08:07:11.000000
8103,2022-08-07 10:59:17.000000,2022-08-07 16:28:37.000000
8106,2022-08-08 05:44:59.000000,2022-08-08 09:10:52.000000
8108,2022-08-08 16:49:10.000000,2022-08-08 16:51:20.000000
8111,2022-08-09 00:57:54.000000,2022-08-09 01:04:05.000000
8112,2022-08-09 02:54:44.000000,2022-08-09 14:10:35.000000
8113,2022-08-09 16:54:11.000000,2022-08-10 00:33:26.000000
8115,2022-08-10 19:32:59.000000,2022-08-11 06:26:03.000000
8118,2022-08-11 19:44:56.000000,2022-08-12 06:05:27.000000
8120,2022-08-12 18:56:33.000000,2022-08-12 22:59:45.000000
8121,2022-08-13 02:46:35.000000,2022-08-13 03:46:55.000000
8124,2022-08-13 14:36:28.000000,2022-08-14 04:03:14.000000
8125,2022-08-14 06:44:31.000000,2022-08-14 06:54:19.000000
8128,2022-08-14 18:41:00.000000,2022-08-14 18:53:26.000000
8132,2022-08-15 20:36:28.000000,2022-08-15 22:52:01.000000
8136,2022-08-17 05:33:42.000000,2022-08-17 16:07:08.000000
8142,2022-08-19 00:50:59.000000,2022-08-19 03:49:27.000000
8143,2022-08-19 06:52:41.000000,2022-08-19 21:19:34.000000
8144,2022-08-19 23:21:27.000000,2022-08-19 23:55:04.000000
8146,2022-08-20 10:00:54.000000,2022-08-20 20:21:42.000000
8147,2022-08-20 22:51:54.000000,2022-08-21 03:48:27.000000
8148,2022-08-21 07:26:45.000000,2022-08-21 17:52:10.000000
8149,2022-08-21 20:58:38.000000,2022-08-22 12:13:00.000000
8151,2022-08-22 23:40:34.000000,2022-08-23 12:05:30.000000
8177,2022-09-23 16:43:46.000000,2022-09-23 20:04:39.000000
8178,2022-09-23 22:21:15.000000,2022-09-26 07:43:48.000000
8181,2022-09-26 15:53:44.000000,2022-09-26 19:30:59.000000
8184,2022-09-27 00:27:15.000000,2022-09-27 00:41:28.000000
8210,2022-09-29 14:22:04.000000,2022-09-29 21:11:24.000000
8211,2022-09-30 00:52:51.000000,2022-09-30 03:24:01.000000
8212,2022-09-30 05:17:22.000000,2022-09-30 08:42:39.000000
8214,2022-09-30 14:54:04.000000,2022-09-30 17:31:59.000000
8216,2022-09-30 20:47:04.000000,2022-10-01 05:14:31.000000
8220,2022-10-01 10:45:49.000000,2022-10-01 23:15:43.000000
8221,2022-10-02 02:38:47.000000,2022-10-02 15:23:50.000000
8222,2022-10-02 18:37:44.000000,2022-10-02 23:17:57.000000
8223,2022-10-03 11:37:34.000000,2022-10-03 19:25:46.000000
8225,2022-10-03 23:14:15.000000,2022-10-04 11:09:19.000000
8226,2022-10-04 13:34:57.000000,2022-10-04 15:45:42.000000
8228,2022-10-04 22:41:26.000000,2022-10-05 07:11:05.000000
8230,2022-10-05 18:53:34.000000,2022-10-05 20:42:26.000000
8232,2022-10-06 05:07:28.000000,2022-10-06 08:14:19.000000
8233,2022-10-06 10:24:32.000000,2022-10-06 13:00:40.000000
8236,2022-10-07 16:17:22.000000,2022-10-08 04:34:08.000000
8238,2022-10-08 11:20:56.000000,2022-10-08 21:31:59.000000
8245,2022-10-09 20:40:36.000000,2022-10-10 09:31:18.000000
8247,2022-10-10 13:52:35.000000,2022-10-11 03:22:49.000000
8248,2022-10-11 05:30:53.000000,2022-10-11 10:23:07.000000
8253,2022-10-12 01:08:01.000000,2022-10-12 05:02:56.000000
8260,2022-10-13 02:44:08.000000,2022-10-13 15:31:59.000000
8263,2022-10-14 00:25:21.000000,2022-10-14 02:42:56.000000
8267,2022-10-14 20:28:33.000000,2022-10-14 22:24:32.000000
8269,2022-10-15 02:46:50.000000,2022-10-15 03:18:21.000000
8272,2022-10-15 09:29:38.000000,2022-10-15 10:07:59.000000
8273,2022-10-15 13:02:00.000000,2022-10-15 17:41:07.000000
8274,2022-10-15 20:23:39.000000,2022-10-16 13:29:37.000000
8276,2022-10-16 17:00:47.000000,2022-10-17 04:55:03.000000
8289,2022-10-19 10:34:43.000000,2022-10-19 10:42:56.000000
8293,2022-10-19 15:02:08.000000,2022-10-19 16:03:37.000000
8295,2022-10-19 23:56:38.000000,2022-10-20 10:48:49.000000
8297,2022-10-20 13:44:45.000000,2022-10-20 23:26:27.000000
8299,2022-10-21 11:12:13.000000,2022-10-21 11:34:49.000000
8301,2022-10-21 16:53:18.000000,2022-10-21 20:11:33.000000
8302,2022-10-21 22:36:43.000000,2022-10-22 12:08:56.000000
8304,2022-10-22 16:01:09.000000,2022-10-22 22:42:17.000000
8305,2022-10-23 01:06:14.000000,2022-10-23 13:25:20.000000
8306,2022-10-23 15:35:19.000000,2022-10-24 04:52:08.000000
8307,2022-10-24 10:23:14.000000,2022-10-24 12:37:00.000000
8309,2022-10-24 17:04:38.000000,2022-10-24 19:47:50.000000
8311,2022-10-25 00:02:55.000000,2022-10-25 12:08:00.000000
8312,2022-10-25 14:24:08.000000,2022-10-25 14:46:12.000000
8313,2022-10-25 16:39:35.000000,2022-10-25 19:17:02.000000
8314,2022-10-25 23:34:52.000000,2022-10-26 05:02:27.000000
8315,2022-10-26 18:30:53.000000,2022-10-27 10:41:21.000000
8316,2022-10-27 13:21:06.000000,2022-10-27 17:51:54.000000
8317,2022-10-27 20:29:05.000000,2022-10-28 10:01:52.000000
8319,2022-10-28 12:53:38.000000,2022-10-28 16:15:32.000000
8320,2022-10-28 20:08:27.000000,2022-10-29 02:12:01.000000
8321,2022-10-29 06:02:42.000000,2022-10-29 20:36:20.000000
8322,2022-10-29 23:23:16.000000,2022-10-30 06:11:32.000000
8324,2022-10-30 10:05:22.000000,2022-10-30 12:04:03.000000
8327,2022-10-31 02:34:53.000000,2022-10-31 09:01:38.000000
8330,2022-10-31 17:19:28.000000,2022-10-31 20:17:58.000000
8331,2022-11-01 04:23:52.000000,2022-11-01 14:55:13.000000
8333,2022-11-01 18:10:37.000000,2022-11-02 08:57:25.000000
8334,2022-11-02 11:34:22.000000,2022-11-02 23:46:04.000000
8335,2022-11-03 02:17:00.000000,2022-11-03 10:18:35.000000
8342,2022-11-03 20:41:44.000000,2022-11-04 06:43:08.000000
8345,2022-11-04 21:56:57.000000,2022-11-05 03:47:02.000000
8347,2022-11-05 08:30:38.000000,2022-11-05 16:59:21.000000
8379,2022-11-10 00:05:50.000000,2022-11-10 16:47:56.000000
8381,2022-11-10 19:31:48.000000,2022-11-11 19:02:07.000000
8383,2022-11-11 22:06:50.000000,2022-11-12 00:24:20.000000
8385,2022-11-12 03:06:36.000000,2022-11-12 15:09:18.000000
8387,2022-11-12 17:50:44.000000,2022-11-13 09:07:56.000000
8389,2022-11-13 14:15:45.000000,2022-11-13 17:24:36.000000
8392,2022-11-14 08:33:40.000000,2022-11-14 08:42:15.000000
8395,2022-11-14 15:59:56.000000,2022-11-15 05:39:10.000000
8398,2022-11-15 11:02:01.000000,2022-11-15 22:18:33.000000
8399,2022-11-16 01:16:45.000000,2022-11-16 09:00:18.000000
8401,2022-11-16 13:18:05.000000,2022-11-17 00:11:22.000000
8402,2022-11-17 02:21:22.000000,2022-11-17 10:21:56.000000
8412,2022-11-18 15:44:21.000000,2022-11-18 18:17:29.000000
8413,2022-11-18 22:16:48.000000,2022-11-19 07:31:31.000000
8456,2022-11-21 11:32:30.000000,2022-11-21 23:25:41.000000
8471,2022-11-23 20:58:55.000000,2022-11-23 22:10:37.000000
8474,2022-11-24 06:31:25.000000,2022-11-24 14:33:54.000000
8479,2022-11-24 20:53:19.000000,2022-11-24 23:03:38.000000
8484,2022-11-25 07:52:20.000000,2022-11-25 13:49:42.000000
8489,2022-11-26 00:40:50.000000,2022-11-26 16:38:26.000000
8491,2022-11-26 22:58:05.000000,2022-11-27 07:54:47.000000
8496,2022-11-27 22:14:02.000000,2022-11-28 05:01:01.000000
8540,2023-04-06 07:39:21.000000,2023-04-06 09:32:53.000000
8541,2023-04-06 10:51:30.000000,2023-04-06 12:22:43.000000
8542,2023-04-06 15:05:04.000000,2023-04-06 17:04:07.000000
8550,2023-04-07 13:13:35.000000,2023-04-07 23:16:09.000000
8558,2023-04-09 07:00:26.000000,2023-04-09 08:01:13.000000
8559,2023-04-09 09:08:05.000000,2023-04-09 14:59:40.000000
8580,2023-04-13 02:31:35.000000,2023-04-13 06:28:50.000000
8637,2023-04-21 16:58:01.000000,2023-04-22 00:31:53.000000
8639,2023-04-22 03:35:06.000000,2023-04-22 15:10:13.000000
8642,2023-04-22 20:28:56.000000,2023-04-23 05:18:24.000000
8644,2023-04-23 11:49:15.000000,2023-04-23 22:25:15.000000
8645,2023-04-24 00:31:55.000000,2023-04-24 11:11:25.000000
8654,2023-04-25 01:42:08.000000,2023-04-25 02:39:58.000000
8675,2023-04-27 21:50:16.000000,2023-04-28 03:09:18.000000
8685,2023-04-29 07:43:19.000000,2023-04-29 15:52:31.000000
8686,2023-04-29 18:16:31.000000,2023-04-30 03:01:15.000000
8690,2023-04-30 08:55:39.000000,2023-04-30 16:19:11.000000
8691,2023-04-30 18:24:02.000000,2023-04-30 22:10:58.000000
8692,2023-05-01 01:01:52.000000,2023-05-01 01:57:31.000000
8695,2023-05-01 11:19:44.000000,2023-05-01 19:19:17.000000
8696,2023-05-01 22:15:09.000000,2023-05-02 09:43:23.000000
8701,2023-05-03 00:55:26.000000,2023-05-03 08:31:09.000000
8723,2023-05-05 11:38:10.000000,2023-05-05 16:53:25.000000
8724,2023-05-05 20:58:14.000000,2023-05-06 00:13:58.000000
8725,2023-05-06 03:50:48.000000,2023-05-06 08:31:11.000000
8728,2023-05-06 11:22:16.000000,2023-05-06 15:08:24.000000
8729,2023-05-06 18:08:38.000000,2023-05-07 04:32:01.000000
8730,2023-05-07 07:23:23.000000,2023-05-07 18:41:33.000000
8731,2023-05-07 20:41:47.000000,2023-05-08 04:05:41.000000
8736,2023-05-08 21:45:37.000000,2023-05-09 09:52:11.000000
8738,2023-05-09 16:05:53.000000,2023-05-10 01:03:08.000000
8739,2023-05-10 03:36:26.000000,2023-05-10 13:02:58.000000
8741,2023-05-10 19:22:59.000000,2023-05-11 02:58:50.000000
8746,2023-05-11 09:39:49.000000,2023-05-11 19:44:44.000000
8750,2023-05-12 01:29:43.000000,2023-05-12 01:32:14.000000
8754,2023-05-12 14:37:24.000000,2023-05-13 04:04:41.000000
8771,2023-05-14 10:32:23.000000,2023-05-14 22:51:05.000000
8773,2023-05-15 05:37:23.000000,2023-05-15 17:51:17.000000
8775,2023-05-15 22:20:44.000000,2023-05-16 04:41:19.000000
8778,2023-05-16 12:45:56.000000,2023-05-16 18:51:56.000000
8782,2023-05-17 02:48:27.000000,2023-05-17 12:06:46.000000
8786,2023-05-18 12:44:49.000000,2023-05-19 04:15:57.000000
8794,2023-05-19 17:39:36.000000,2023-05-19 21:03:06.000000
8796,2023-05-20 03:15:40.000000,2023-05-20 05:54:12.000000
8804,2023-05-21 03:46:27.000000,2023-05-21 08:26:08.000000
8807,2023-05-21 14:38:57.000000,2023-05-21 16:19:48.000000
8811,2023-05-22 02:54:21.000000,2023-05-22 03:58:43.000000
8816,2023-05-22 17:57:47.000000,2023-05-22 20:54:17.000000
8817,2023-05-23 00:05:43.000000,2023-05-23 12:51:34.000000
8821,2023-05-23 23:37:10.000000,2023-05-24 14:07:42.000000
8822,2023-05-24 17:31:50.000000,2023-05-25 05:34:48.000000
8850,2023-05-30 17:28:00.000000,2023-05-30 20:46:32.000000
8853,2023-05-31 00:14:17.000000,2023-05-31 03:39:23.000000
8858,2023-06-01 13:07:00.000000,2023-06-01 19:05:29.000000
8860,2023-06-01 22:03:49.000000,2023-06-02 08:19:37.000000
8863,2023-06-02 16:01:52.000000,2023-06-02 21:32:55.000000
8865,2023-06-03 00:21:05.000000,2023-06-03 11:00:04.000000
8866,2023-06-03 12:49:21.000000,2023-06-03 14:20:51.000000
8870,2023-06-03 23:48:07.000000,2023-06-04 10:04:30.000000
8872,2023-06-04 14:13:41.000000,2023-06-04 17:19:02.000000
8873,2023-06-04 19:23:30.000000,2023-06-05 08:02:35.000000
8877,2023-06-05 13:05:21.000000,2023-06-05 23:08:15.000000
8880,2023-06-06 03:46:56.000000,2023-06-06 19:50:17.000000
8882,2023-06-06 22:34:46.000000,2023-06-07 09:13:55.000000
8885,2023-06-08 00:27:55.000000,2023-06-08 11:39:16.000000
8887,2023-06-08 21:30:50.000000,2023-06-09 02:30:42.000000
8891,2023-06-09 13:09:41.000000,2023-06-10 03:10:40.000000
8894,2023-06-10 07:12:22.000000,2023-06-10 17:28:56.000000
8895,2023-06-11 00:02:52.000000,2023-06-11 08:49:04.000000
8896,2023-06-11 11:25:53.000000,2023-06-11 19:29:36.000000
8901,2023-06-13 02:27:22.000000,2023-06-13 09:02:02.000000
8997,2023-06-28 10:30:53.000000,2023-06-28 17:19:33.000000
8999,2023-06-28 20:17:36.000000,2023-06-29 20:19:38.000000
9007,2023-06-30 11:15:51.000000,2023-06-30 20:11:58.000000
9014,2023-07-01 07:14:16.000000,2023-07-01 07:14:20.000000
9016,2023-07-01 12:26:07.000000,2023-07-01 14:41:24.000000
9017,2023-07-01 16:44:42.000000,2023-07-01 22:03:32.000000
9019,2023-07-02 03:23:12.000000,2023-07-02 10:10:31.000000
9022,2023-07-02 16:20:53.000000,2023-07-02 21:28:15.000000
9023,2023-07-02 23:58:58.000000,2023-07-03 03:28:01.000000
9029,2023-07-03 23:29:56.000000,2023-07-04 12:47:46.000000
9031,2023-07-04 16:56:25.000000,2023-07-05 06:15:16.000000
9035,2023-07-05 11:03:46.000000,2023-07-05 23:07:24.000000
9036,2023-07-06 01:17:41.000000,2023-07-06 14:13:35.000000
9043,2023-07-07 11:09:02.000000,2023-07-08 01:50:57.000000
9044,2023-07-08 04:06:43.000000,2023-07-08 17:41:56.000000
9045,2023-07-08 19:40:27.000000,2023-07-09 09:08:37.000000
9046,2023-07-09 10:56:30.000000,2023-07-09 15:50:57.000000
9049,2023-07-09 19:07:57.000000,2023-07-10 03:41:14.000000
9050,2023-07-10 12:28:48.000000,2023-07-10 18:07:41.000000
9055,2023-07-11 03:19:30.000000,2023-07-11 04:06:36.000000
9056,2023-07-11 07:20:06.000000,2023-07-11 07:39:10.000000
9057,2023-07-11 09:37:44.000000,2023-07-11 18:56:47.000000
9059,2023-07-11 23:54:52.000000,2023-07-12 02:01:12.000000
9062,2023-07-12 12:36:43.000000,2023-07-12 14:53:19.000000
9063,2023-07-12 17:38:37.000000,2023-07-13 13:36:05.000000
9066,2023-07-14 07:40:14.000000,2023-07-14 08:50:30.000000
9067,2023-07-15 01:09:53.000000,2023-07-15 01:56:59.000000
9068,2023-07-15 05:13:10.000000,2023-07-15 07:56:57.000000
9070,2023-07-15 17:20:09.000000,2023-07-16 04:55:44.000000
9072,2023-07-16 07:58:39.000000,2023-07-16 20:28:24.000000
9073,2023-07-16 22:50:23.000000,2023-07-16 23:00:20.000000
9095,2023-09-01 08:43:52.000000,2023-09-01 09:14:24.000000
9128,2023-09-07 14:14:32.000000,2023-09-08 02:14:55.000000
9132,2023-09-09 13:27:04.000000,2023-09-09 22:06:56.000000
9135,2023-09-10 08:14:35.000000,2023-09-10 13:05:25.000000
9136,2023-09-10 20:44:55.000000,2023-09-11 01:10:05.000000
9138,2023-09-11 10:15:54.000000,2023-09-11 13:09:55.000000
9153,2023-09-14 23:47:56.000000,2023-09-15 05:38:52.000000
9154,2023-09-15 16:51:06.000000,2023-09-16 08:19:28.000000
9156,2023-09-16 22:40:22.000000,2023-09-17 05:23:39.000000
9159,2023-09-17 15:44:45.000000,2023-09-18 04:49:39.000000
9162,2023-09-19 01:03:59.000000,2023-09-19 08:45:03.000000
9168,2023-09-19 23:39:44.000000,2023-09-20 06:09:05.000000
9192,2023-09-26 17:46:57.000000,2023-09-26 20:53:13.000000
9193,2023-09-27 02:00:47.000000,2023-09-27 06:58:50.000000
9194,2023-09-27 10:29:27.000000,2023-09-27 12:58:33.000000
9197,2023-09-27 20:05:24.000000,2023-09-27 23:15:30.000000
9200,2023-09-28 03:10:44.000000,2023-09-28 04:29:49.000000
9201,2023-09-28 06:53:10.000000,2023-09-28 07:11:45.000000
9206,2023-09-29 05:27:29.000000,2023-09-29 07:30:15.000000
9209,2023-09-30 09:57:08.000000,2023-09-30 15:18:45.000000
9212,2023-09-30 22:17:22.000000,2023-10-01 06:24:28.000000
9213,2023-10-01 08:36:53.000000,2023-10-01 11:42:42.000000
9216,2023-10-02 00:59:48.000000,2023-10-02 02:10:12.000000
9217,2023-10-02 07:33:03.000000,2023-10-02 11:54:57.000000
9218,2023-10-02 17:03:16.000000,2023-10-02 22:05:16.000000
9220,2023-10-03 02:48:46.000000,2023-10-03 08:36:19.000000
9222,2023-10-03 21:59:54.000000,2023-10-04 02:43:55.000000
9223,2023-10-04 06:37:27.000000,2023-10-04 10:28:13.000000
9225,2023-10-05 01:01:19.000000,2023-10-05 02:16:39.000000
9226,2023-10-05 04:56:12.000000,2023-10-05 06:34:22.000000
9231,2023-10-05 16:37:11.000000,2023-10-05 20:31:17.000000
9232,2023-10-05 23:35:35.000000,2023-10-06 10:36:41.000000
9234,2023-10-06 17:14:57.000000,2023-10-06 17:32:04.000000
9235,2023-10-06 20:51:17.000000,2023-10-06 22:28:28.000000
9237,2023-10-10 01:34:35.000000,2023-10-10 06:44:26.000000
9239,2023-10-10 13:09:53.000000,2023-10-10 14:31:07.000000
9240,2023-10-10 18:21:22.000000,2023-10-10 21:26:59.000000
9242,2023-10-11 02:59:20.000000,2023-10-11 06:38:12.000000
9245,2023-10-11 13:21:20.000000,2023-10-11 18:13:24.000000
9246,2023-10-11 21:05:50.000000,2023-10-12 01:49:59.000000
9247,2023-10-12 04:57:30.000000,2023-10-12 11:33:56.000000
9250,2023-10-12 16:43:58.000000,2023-10-12 21:41:43.000000
9251,2023-10-13 00:47:50.000000,2023-10-13 03:15:14.000000
9252,2023-10-13 06:08:36.000000,2023-10-13 11:01:52.000000
9254,2023-10-13 20:14:42.000000,2023-10-13 20:45:50.000000
9256,2023-10-14 17:29:05.000000,2023-10-14 18:52:11.000000
9258,2023-10-15 04:24:33.000000,2023-10-15 05:57:10.000000
9260,2023-10-15 10:56:41.000000,2023-10-15 11:47:39.000000
9263,2023-10-15 23:13:26.000000,2023-10-16 03:33:50.000000
9267,2023-10-16 15:33:08.000000,2023-10-16 16:14:49.000000
9268,2023-10-16 19:06:11.000000,2023-10-16 23:50:27.000000
9269,2023-10-17 02:49:09.000000,2023-10-17 03:28:04.000000
9270,2023-10-17 06:31:13.000000,2023-10-17 11:20:23.000000
9271,2023-10-17 17:18:04.000000,2023-10-17 22:00:03.000000
9273,2023-10-18 03:27:12.000000,2023-10-18 06:12:36.000000
9279,2023-10-19 19:58:47.000000,2023-10-19 21:53:45.000000
9281,2023-10-20 03:32:10.000000,2023-10-20 09:26:39.000000
9282,2023-10-20 12:11:20.000000,2023-10-20 18:04:28.000000
9283,2023-10-20 20:39:01.000000,2023-10-20 21:45:47.000000
9284,2023-10-21 02:24:06.000000,2023-10-21 03:31:03.000000
9285,2023-10-21 05:55:30.000000,2023-10-21 11:54:35.000000
9288,2023-10-21 16:33:24.000000,2023-10-21 23:19:32.000000
9289,2023-10-22 01:54:58.000000,2023-10-22 05:58:09.000000
9291,2023-10-22 14:07:59.000000,2023-10-22 20:37:57.000000
9292,2023-10-22 23:44:08.000000,2023-10-23 07:52:24.000000
9294,2023-10-23 14:07:56.000000,2023-10-23 19:43:39.000000
9296,2023-10-24 00:59:01.000000,2023-10-24 02:02:09.000000
9297,2023-10-24 04:31:08.000000,2023-10-24 06:18:03.000000
9301,2023-10-24 18:12:31.000000,2023-10-25 00:01:38.000000
9302,2023-10-25 02:38:47.000000,2023-10-25 09:14:59.000000
9305,2023-10-25 17:50:22.000000,2023-10-26 00:26:32.000000
9306,2023-10-26 03:01:06.000000,2023-10-26 09:36:17.000000
9309,2023-10-26 16:34:57.000000,2023-10-26 22:47:53.000000
9310,2023-10-27 02:35:43.000000,2023-10-27 08:12:45.000000
9312,2023-10-27 15:47:39.000000,2023-10-28 01:22:35.000000
9314,2023-10-28 08:34:48.000000,2023-10-28 14:33:47.000000
9316,2023-10-28 21:12:58.000000,2023-10-28 21:30:48.000000
9317,2023-10-29 03:47:38.000000,2023-10-29 11:57:24.000000
9319,2023-10-29 18:07:14.000000,2023-10-29 22:09:27.000000
9400,2024-03-21 06:48:24.000000,2024-03-21 15:38:27.000000
9448,2024-04-01 07:17:45.000000,2024-04-01 13:27:50.000000
9473,2024-04-05 16:25:36.000000,2024-04-05 21:59:05.000000
9474,2024-04-06 00:23:53.000000,2024-04-06 05:24:59.000000
9475,2024-04-06 08:00:23.000000,2024-04-06 15:11:44.000000
9476,2024-04-06 19:55:20.000000,2024-04-07 01:57:24.000000
9479,2024-04-07 09:33:38.000000,2024-04-07 17:00:43.000000
9483,2024-04-08 02:28:16.000000,2024-04-08 05:00:09.000000
9485,2024-04-08 22:12:10.000000,2024-04-09 05:03:23.000000
9496,2024-04-10 16:44:08.000000,2024-04-10 18:36:08.000000
9497,2024-04-10 20:29:29.000000,2024-04-10 22:26:30.000000
9499,2024-04-11 01:56:25.000000,2024-04-11 06:49:36.000000
9509,2024-04-12 06:44:04.000000,2024-04-12 10:43:25.000000
9510,2024-04-12 13:13:36.000000,2024-04-12 15:33:46.000000
9512,2024-04-12 21:24:41.000000,2024-04-13 15:22:21.000000
9514,2024-04-13 18:47:55.000000,2024-04-14 05:44:22.000000
9517,2024-04-14 17:20:53.000000,2024-04-14 19:01:51.000000
9518,2024-04-14 21:02:00.000000,2024-04-15 00:23:57.000000
9519,2024-04-15 02:03:04.000000,2024-04-15 03:22:46.000000
9520,2024-04-15 05:12:24.000000,2024-04-15 05:21:30.000000
9521,2024-04-15 07:07:03.000000,2024-04-15 08:52:20.000000
9523,2024-04-15 11:24:17.000000,2024-04-15 22:35:06.000000
9525,2024-04-16 00:37:26.000000,2024-04-16 05:51:34.000000
9529,2024-04-16 19:03:49.000000,2024-04-16 22:20:10.000000
9530,2024-04-17 01:11:31.000000,2024-04-17 05:05:13.000000
9537,2024-04-18 03:19:10.000000,2024-04-18 11:34:31.000000
9539,2024-04-18 16:48:01.000000,2024-04-19 05:24:12.000000
9543,2024-04-19 17:37:56.000000,2024-04-20 03:08:20.000000
9548,2024-04-20 14:02:30.000000,2024-04-21 01:16:49.000000
9549,2024-04-21 03:13:12.000000,2024-04-21 04:28:05.000000
9559,2024-04-23 20:37:13.000000,2024-04-24 05:22:38.000000
9562,2024-04-25 11:47:02.000000,2024-04-25 17:47:44.000000
9564,2024-04-25 20:38:15.000000,2024-04-26 01:08:25.000000
9565,2024-04-26 03:09:22.000000,2024-04-26 11:05:25.000000
9566,2024-04-26 15:01:39.000000,2024-04-26 19:45:15.000000
9567,2024-04-26 22:43:48.000000,2024-04-27 04:34:28.000000
9568,2024-04-27 07:09:35.000000,2024-04-27 20:02:34.000000
9569,2024-04-27 22:16:39.000000,2024-04-28 01:52:07.000000
9570,2024-04-28 06:23:07.000000,2024-04-28 14:52:00.000000
9573,2024-04-29 09:41:38.000000,2024-04-29 21:21:01.000000
9574,2024-04-29 23:29:00.000000,2024-04-30 11:52:50.000000
9575,2024-04-30 22:54:10.000000,2024-05-01 02:30:55.000000
9579,2024-05-01 17:28:58.000000,2024-05-01 20:16:48.000000
9585,2024-05-02 19:53:38.000000,2024-05-03 07:50:23.000000
9593,2024-05-03 16:30:51.000000,2024-05-04 03:09:08.000000
9594,2024-05-04 06:55:14.000000,2024-05-04 19:32:29.000000
9602,2024-05-04 23:49:34.000000,2024-05-05 02:33:58.000000
9603,2024-05-05 06:56:44.000000,2024-05-05 20:00:49.000000
9604,2024-05-05 23:16:23.000000,2024-05-06 05:02:53.000000
9605,2024-05-06 15:20:25.000000,2024-05-07 05:36:55.000000
9606,2024-05-07 09:20:22.000000,2024-05-07 23:43:34.000000
9608,2024-05-08 05:37:13.000000,2024-05-08 11:12:23.000000
9609,2024-05-08 20:34:52.000000,2024-05-09 04:36:17.000000
9610,2024-05-09 07:01:30.000000,2024-05-09 20:35:41.000000
9611,2024-05-09 23:46:52.000000,2024-05-10 11:54:34.000000
9614,2024-05-11 20:39:50.000000,2024-05-12 10:05:14.000000
9618,2024-05-12 22:28:06.000000,2024-05-13 04:42:05.000000
9626,2024-05-14 08:36:41.000000,2024-05-14 14:53:20.000000
9639,2024-05-16 13:30:52.000000,2024-05-17 23:37:28.000000
9641,2024-05-18 02:43:44.000000,2024-05-18 03:47:46.000000
9643,2024-05-18 10:05:07.000000,2024-05-18 11:13:42.000000
9644,2024-05-18 14:21:19.000000,2024-05-19 02:47:19.000000
9651,2024-05-19 16:07:58.000000,2024-05-19 23:51:03.000000
9653,2024-05-20 05:07:03.000000,2024-05-20 16:58:38.000000
9654,2024-05-20 20:41:54.000000,2024-05-21 02:41:14.000000
9659,2024-05-21 23:52:15.000000,2024-05-22 03:43:15.000000
9661,2024-05-22 09:14:01.000000,2024-05-22 09:57:00.000000
9662,2024-05-22 12:16:02.000000,2024-05-23 01:08:34.000000
9663,2024-05-23 03:43:57.000000,2024-05-23 14:12:35.000000
9664,2024-05-23 18:22:37.000000,2024-05-24 07:40:57.000000
9666,2024-05-24 11:17:40.000000,2024-05-24 22:34:31.000000
9667,2024-05-25 00:50:28.000000,2024-05-25 08:40:23.000000
9670,2024-05-25 13:15:41.000000,2024-05-26 03:41:34.000000
9672,2024-05-26 09:24:18.000000,2024-05-26 10:23:52.000000
9674,2024-05-27 04:01:23.000000,2024-05-27 06:26:59.000000
9677,2024-05-27 16:08:33.000000,2024-05-27 20:47:47.000000
9680,2024-05-28 06:46:33.000000,2024-05-28 09:32:46.000000
9683,2024-05-28 18:57:02.000000,2024-05-28 18:59:25.000000
9684,2024-05-28 21:33:08.000000,2024-05-29 04:14:05.000000
9686,2024-05-29 06:45:18.000000,2024-05-29 08:01:48.000000
9687,2024-05-29 10:49:03.000000,2024-05-30 01:03:42.000000
9691,2024-05-30 05:23:27.000000,2024-05-31 04:01:01.000000
9694,2024-05-31 13:49:43.000000,2024-06-01 01:25:55.000000
9696,2024-06-01 12:15:15.000000,2024-06-01 22:22:12.000000
9700,2024-06-02 11:49:04.000000,2024-06-03 01:03:47.000000
9701,2024-06-03 03:14:12.000000,2024-06-03 08:49:06.000000
9705,2024-06-03 16:17:24.000000,2024-06-03 18:13:45.000000
9707,2024-06-03 22:00:05.000000,2024-06-04 12:14:55.000000
9708,2024-06-04 14:37:11.000000,2024-06-05 07:14:38.000000
9717,2024-06-05 21:30:12.000000,2024-06-06 03:55:10.000000
9801,2024-06-19 15:56:18.000000,2024-06-19 16:29:34.000000
9803,2024-06-19 19:37:36.000000,2024-06-20 00:06:31.000000
9804,2024-06-20 01:57:58.000000,2024-06-20 04:11:14.000000
9806,2024-06-20 06:50:29.000000,2024-06-20 11:43:21.000000
9808,2024-06-20 16:23:56.000000,2024-06-20 22:38:13.000000
9810,2024-06-21 04:46:49.000000,2024-06-21 16:18:17.000000
9812,2024-06-21 19:38:52.000000,2024-06-22 09:38:40.000000
9813,2024-06-22 11:50:09.000000,2024-06-22 16:21:05.000000
9816,2024-06-22 22:37:18.000000,2024-06-23 00:14:55.000000
9819,2024-06-23 13:00:33.000000,2024-06-24 05:45:09.000000
9832,2024-06-27 14:21:16.000000,2024-06-27 16:44:46.000000
9838,2024-06-28 23:54:33.000000,2024-06-29 02:34:08.000000
9840,2024-06-29 07:43:01.000000,2024-06-29 18:51:51.000000
9842,2024-06-30 02:28:26.000000,2024-06-30 17:11:26.000000
9843,2024-06-30 19:32:08.000000,2024-07-01 00:05:45.000000
9846,2024-07-01 07:24:02.000000,2024-07-01 09:44:17.000000
9848,2024-07-01 14:35:48.000000,2024-07-01 19:18:51.000000
9849,2024-07-01 21:54:04.000000,2024-07-02 13:09:50.000000
9851,2024-07-02 21:50:57.000000,2024-07-02 22:19:33.000000
9852,2024-07-03 00:50:54.000000,2024-07-03 12:35:34.000000
9857,2024-07-03 21:33:02.000000,2024-07-03 23:57:51.000000
9859,2024-07-04 06:42:32.000000,2024-07-04 07:33:43.000000
9860,2024-07-04 11:29:14.000000,2024-07-04 19:44:41.000000
9861,2024-07-05 00:18:58.000000,2024-07-05 14:10:44.000000
9862,2024-07-05 17:31:52.000000,2024-07-05 22:08:15.000000
9864,2024-07-06 01:43:54.000000,2024-07-06 05:43:58.000000
9865,2024-07-06 09:08:42.000000,2024-07-06 12:16:16.000000
9867,2024-07-06 23:55:58.000000,2024-07-07 00:26:20.000000
9869,2024-07-07 04:02:20.000000,2024-07-07 08:59:48.000000
9871,2024-07-07 12:21:29.000000,2024-07-07 15:06:20.000000
9873,2024-07-07 20:53:24.000000,2024-07-08 02:26:29.000000
9877,2024-07-08 14:40:36.000000,2024-07-09 05:33:01.000000
9878,2024-07-09 08:23:45.000000,2024-07-09 19:01:29.000000
9879,2024-07-09 21:41:55.000000,2024-07-10 00:46:43.000000
9883,2024-07-10 07:51:17.000000,2024-07-10 11:31:50.000000
9885,2024-07-11 01:47:53.000000,2024-07-11 02:23:25.000000
9886,2024-07-11 05:06:29.000000,2024-07-11 09:56:59.000000
9891,2024-07-12 19:18:36.000000,2024-07-12 20:02:16.000000
9895,2024-07-13 04:49:46.000000,2024-07-13 08:22:38.000000
9896,2024-07-13 10:29:23.000000,2024-07-14 00:01:53.000000
9899,2024-07-14 03:42:28.000000,2024-07-14 17:11:59.000000
9900,2024-07-14 19:47:16.000000,2024-07-15 09:39:05.000000
9904,2024-07-15 23:52:01.000000,2024-07-16 00:35:12.000000
9905,2024-07-16 03:15:55.000000,2024-07-16 17:13:02.000000
9906,2024-07-16 20:28:42.000000,2024-07-17 04:02:51.000000
9910,2024-07-17 13:34:57.000000,2024-07-18 03:09:32.000000
9911,2024-07-18 09:52:05.000000,2024-07-19 00:02:17.000000
9912,2024-07-19 03:47:39.000000,2024-07-19 05:39:13.000000
9917,2024-07-20 01:04:45.000000,2024-07-20 12:07:27.000000
9920,2024-07-20 20:43:40.000000,2024-07-21 11:04:10.000000
9921,2024-07-21 13:29:29.000000,2024-07-22 04:42:33.000000
9923,2024-07-22 08:24:08.000000,2024-07-22 23:22:01.000000
9925,2024-07-23 02:51:28.000000,2024-07-23 04:03:00.000000
9926,2024-07-23 06:45:21.000000,2024-07-23 20:09:28.000000
9927,2024-07-24 02:13:02.000000,2024-07-24 06:01:20.000000
9931,2024-07-25 00:37:33.000000,2024-07-25 14:52:07.000000
9932,2024-07-25 17:02:27.000000,2024-07-25 21:49:11.000000
9934,2024-07-26 01:46:43.000000,2024-07-26 03:40:31.000000
9935,2024-07-26 05:39:34.000000,2024-07-26 09:49:03.000000
9936,2024-07-26 12:05:47.000000,2024-07-26 15:11:37.000000
9937,2024-07-26 17:19:24.000000,2024-07-27 05:07:15.000000
9939,2024-07-27 08:33:30.000000,2024-07-27 21:04:00.000000
9941,2024-07-28 01:29:43.000000,2024-07-28 10:09:35.000000
9942,2024-07-28 12:24:55.000000,2024-07-28 22:02:43.000000
9943,2024-07-29 00:28:14.000000,2024-07-29 12:06:20.000000
9945,2024-07-29 16:51:19.000000,2024-07-30 04:18:24.000000
9947,2024-07-30 08:00:56.000000,2024-07-30 15:40:25.000000
9951,2024-07-30 20:31:23.000000,2024-07-31 09:31:47.000000
9960,2024-07-31 15:52:52.000000,2024-07-31 16:05:05.000000
9962,2024-08-01 01:34:38.000000,2024-08-01 05:46:22.000000
9966,2024-08-01 17:21:28.000000,2024-08-01 19:29:18.000000
9967,2024-08-01 21:31:03.000000,2024-08-02 09:10:04.000000
9969,2024-08-02 14:25:02.000000,2024-08-03 04:44:23.000000
9970,2024-08-03 07:48:48.000000,2024-08-03 10:16:50.000000
9971,2024-08-03 12:38:15.000000,2024-08-03 21:34:05.000000
9973,2024-08-04 01:25:38.000000,2024-08-04 15:21:03.000000
9974,2024-08-04 17:15:03.000000,2024-08-05 08:02:10.000000
9978,2024-08-05 19:06:55.000000,2024-08-06 06:27:27.000000
9982,2024-08-06 20:52:25.000000,2024-08-07 10:16:05.000000
9983,2024-08-07 12:17:55.000000,2024-08-08 01:17:22.000000
9984,2024-08-08 07:07:09.000000,2024-08-08 12:12:13.000000
9986,2024-08-08 17:13:03.000000,2024-08-09 07:25:57.000000
9987,2024-08-09 11:28:14.000000,2024-08-10 01:08:29.000000
9988,2024-08-10 04:23:13.000000,2024-08-10 14:54:00.000000
9989,2024-08-10 20:06:54.000000,2024-08-11 08:15:33.000000
9992,2024-08-11 12:34:42.000000,2024-08-11 12:48:45.000000
9994,2024-08-11 18:19:58.000000,2024-08-12 01:45:48.000000
9995,2024-08-12 03:57:27.000000,2024-08-12 11:15:15.000000
9996,2024-08-12 18:26:31.000000,2024-08-13 07:47:06.000000
10000,2024-08-13 14:19:37.000000,2024-08-13 18:15:49.000000
10001,2024-08-13 20:25:31.000000,2024-08-14 09:07:51.000000
10002,2024-08-14 11:54:08.000000,2024-08-14 13:43:33.000000
10004,2024-08-14 18:46:09.000000,2024-08-14 20:23:35.000000
10005,2024-08-14 23:37:25.000000,2024-08-15 12:03:23.000000
10006,2024-08-15 14:44:23.000000,2024-08-16 03:14:47.000000
10010,2024-08-16 21:28:09.000000,2024-08-17 08:34:51.000000
10012,2024-08-17 11:16:08.000000,2024-08-17 14:47:06.000000
10013,2024-08-17 17:19:42.000000,2024-08-17 19:26:20.000000
10014,2024-08-17 22:43:04.000000,2024-08-18 01:22:10.000000
10016,2024-08-18 05:44:05.000000,2024-08-18 13:53:09.000000
10017,2024-08-18 17:18:52.000000,2024-08-19 04:15:49.000000
10049,2024-08-23 19:02:08.000000,2024-08-24 08:09:23.000000
10050,2024-08-24 09:58:12.000000,2024-08-24 17:25:51.000000
10052,2024-08-24 21:19:54.000000,2024-08-25 11:01:58.000000
10056,2024-08-25 14:30:02.000000,2024-08-26 04:10:01.000000
10059,2024-08-26 14:29:09.000000,2024-08-26 16:17:20.000000
10061,2024-08-26 19:26:37.000000,2024-08-27 00:34:01.000000
10066,2024-08-28 20:29:27.000000,2024-08-29 02:40:12.000000
10068,2024-08-29 06:11:47.000000,2024-08-29 06:19:40.000000
10069,2024-08-29 11:20:13.000000,2024-08-30 00:36:00.000000
10070,2024-08-30 02:46:10.000000,2024-08-30 04:45:05.000000
10072,2024-08-30 07:47:56.000000,2024-08-30 20:25:52.000000
10073,2024-08-31 00:22:55.000000,2024-08-31 13:33:46.000000
10074,2024-08-31 17:43:57.000000,2024-09-01 07:06:03.000000
10075,2024-09-01 09:24:53.000000,2024-09-01 12:44:09.000000
10077,2024-09-01 18:17:42.000000,2024-09-02 03:23:16.000000
10082,2024-09-03 09:37:22.000000,2024-09-03 13:09:49.000000
10084,2024-09-03 18:29:48.000000,2024-09-04 16:37:44.000000
10086,2024-09-04 20:09:49.000000,2024-09-04 23:42:08.000000
10087,2024-09-05 04:16:05.000000,2024-09-05 16:13:44.000000
10090,2024-09-05 23:31:08.000000,2024-09-06 10:56:54.000000
10091,2024-09-06 14:24:41.000000,2024-09-06 20:04:54.000000
10092,2024-09-06 22:12:13.000000,2024-09-07 12:32:29.000000
10093,2024-09-07 16:42:45.000000,2024-09-07 19:22:42.000000
10094,2024-09-07 21:28:19.000000,2024-09-08 00:46:49.000000
10095,2024-09-08 04:07:21.000000,2024-09-08 18:10:38.000000
10096,2024-09-08 20:29:10.000000,2024-09-09 01:33:18.000000
10097,2024-09-09 03:50:33.000000,2024-09-09 16:26:40.000000
10098,2024-09-09 19:23:34.000000,2024-09-10 00:03:50.000000
10099,2024-09-10 02:08:53.000000,2024-09-10 07:38:40.000000
10100,2024-09-10 12:06:47.000000,2024-09-11 00:09:11.000000
10102,2024-09-11 04:42:23.000000,2024-09-11 04:42:41.000000
10104,2024-09-11 12:49:45.000000,2024-09-11 16:28:07.000000
10105,2024-09-11 22:30:09.000000,2024-09-12 13:05:42.000000
10107,2024-09-12 15:35:43.000000,2024-09-13 04:58:03.000000
10109,2024-09-13 16:25:00.000000,2024-09-13 16:38:24.000000
10112,2024-09-13 22:08:30.000000,2024-09-14 05:21:54.000000
10115,2024-09-14 07:47:45.000000,2024-09-14 18:29:48.000000
10116,2024-09-14 22:11:14.000000,2024-09-15 12:08:00.000000
10117,2024-09-15 14:02:15.000000,2024-09-15 14:43:01.000000
10118,2024-09-15 16:42:02.000000,2024-09-16 07:07:47.000000
10119,2024-09-16 09:37:05.000000,2024-09-16 10:27:53.000000
10122,2024-09-16 18:08:58.000000,2024-09-17 09:11:54.000000
10123,2024-09-17 11:29:15.000000,2024-09-17 11:37:14.000000
10125,2024-09-17 16:04:16.000000,2024-09-18 05:41:40.000000
10126,2024-09-18 07:53:01.000000,2024-09-18 17:34:32.000000
10127,2024-09-18 20:17:22.000000,2024-09-19 05:47:45.000000
10130,2024-09-19 22:31:42.000000,2024-09-20 11:29:35.000000
10132,2024-09-20 15:49:29.000000,2024-09-20 22:29:47.000000
10134,2024-09-21 03:25:39.000000,2024-09-21 15:30:51.000000
10137,2024-09-22 06:44:01.000000,2024-09-22 14:56:44.000000
10138,2024-09-22 20:52:13.000000,2024-09-23 03:54:06.000000
10139,2024-09-25 19:44:49.000000,2024-09-25 21:08:28.000000
10141,2024-09-26 05:06:19.000000,2024-09-26 06:27:31.000000
10142,2024-09-26 10:24:47.000000,2024-09-26 11:21:54.000000
10143,2024-09-26 13:47:11.000000,2024-09-26 14:21:23.000000
10144,2024-09-26 16:25:22.000000,2024-09-26 21:02:04.000000
10189,2024-10-02 05:24:32.000000,2024-10-02 08:03:02.000000
10190,2024-10-02 16:44:22.000000,2024-10-03 01:29:29.000000
10197,2024-10-03 15:17:22.000000,2024-10-04 03:49:02.000000
10199,2024-10-04 12:51:01.000000,2024-10-05 01:59:11.000000
10200,2024-10-05 08:06:11.000000,2024-10-05 22:12:15.000000
10201,2024-10-06 00:32:11.000000,2024-10-06 13:16:45.000000
10202,2024-10-06 15:26:43.000000,2024-10-06 16:05:23.000000
10204,2024-10-06 20:22:56.000000,2024-10-07 08:43:16.000000
10206,2024-10-07 11:23:27.000000,2024-10-07 14:15:26.000000
10207,2024-10-07 16:22:35.000000,2024-10-07 18:38:34.000000
10208,2024-10-07 21:17:41.000000,2024-10-08 04:36:33.000000
10209,2024-10-08 07:19:42.000000,2024-10-08 09:39:39.000000
10210,2024-10-08 12:01:17.000000,2024-10-08 21:41:51.000000
10211,2024-10-08 23:55:22.000000,2024-10-09 13:39:22.000000
10213,2024-10-09 17:46:30.000000,2024-10-10 03:51:26.000000
10214,2024-10-10 06:49:22.000000,2024-10-10 07:50:15.000000
10215,2024-10-10 14:27:46.000000,2024-10-10 15:02:56.000000
10216,2024-10-10 18:06:26.000000,2024-10-10 21:58:33.000000
10218,2024-10-12 00:33:29.000000,2024-10-12 10:42:15.000000
10219,2024-10-12 13:23:36.000000,2024-10-13 02:15:54.000000
10222,2024-10-13 09:28:36.000000,2024-10-13 12:48:17.000000
10223,2024-10-13 19:44:46.000000,2024-10-14 04:38:16.000000
10225,2024-10-14 19:43:49.000000,2024-10-14 23:21:47.000000
10226,2024-10-15 03:41:25.000000,2024-10-15 16:47:15.000000
10230,2024-10-15 23:12:34.000000,2024-10-16 04:29:50.000000
10232,2024-10-16 06:44:12.000000,2024-10-16 11:05:35.000000
10296,2024-10-28 08:47:42.000000,2024-10-28 11:27:07.000000
10297,2024-10-28 13:11:18.000000,2024-10-28 15:26:38.000000
10298,2024-10-28 17:03:42.000000,2024-10-29 00:18:34.000000
10299,2024-10-29 02:16:31.000000,2024-10-29 10:26:52.000000
10301,2024-10-29 18:52:51.000000,2024-10-29 22:27:20.000000
10302,2024-10-29 23:48:28.000000,2024-10-30 06:44:04.000000
10304,2024-10-30 09:47:58.000000,2024-10-30 15:37:41.000000
10305,2024-10-30 17:20:08.000000,2024-10-31 10:10:40.000000
10307,2024-10-31 15:33:27.000000,2024-11-01 08:21:59.000000
10309,2024-11-01 12:15:57.000000,2024-11-02 02:21:16.000000
10310,2024-11-02 10:19:43.000000,2024-11-03 09:12:18.000000
10311,2024-11-03 10:42:29.000000,2024-11-04 01:30:00.000000
10312,2024-11-04 02:56:27.000000,2024-11-04 08:51:09.000000
10329,2024-11-06 10:13:35.000000,2024-11-06 12:23:00.000000
10330,2024-11-06 14:52:23.000000,2024-11-06 15:07:35.000000
10331,2024-11-06 18:51:59.000000,2024-11-06 21:18:44.000000
10333,2024-11-07 02:23:16.000000,2024-11-07 04:43:38.000000
10334,2024-11-07 06:46:07.000000,2024-11-07 09:48:21.000000
10335,2024-11-07 11:55:18.000000,2024-11-07 13:51:26.000000
10336,2024-11-07 19:48:45.000000,2024-11-07 21:01:00.000000
10338,2024-11-08 03:19:48.000000,2024-11-08 13:04:07.000000
