fill,delivered (/fb),recorded (/fb),integrated delivered (/fb),integrated recorded (/fb)
6570,0.000261980682373,0.00017115087890600002,0.000261980682373,0.00017115087890600002
6573,0.00013916886901900002,8.890959167500001e-05,0.00040114955139200004,0.00026006047058100006
6574,0.0015219505615230002,0.0012750205078130002,0.0019231001129150003,0.0015350809783940002
6579,0.013620438476563001,0.010807749023438,0.015543538589478002,0.012342830001832
6583,0.0058468750000000005,0.005279705078125,0.021390413589478,0.017622535079957
6584,0.009354299804688,0.008542084960938001,0.030744713394166002,0.026164620040895002
6592,0.00035570468139600004,0.00034997427368200004,0.031100418075562002,0.026514594314577002
6594,0.0632464765625,0.048788406250000006,0.094346894638062,0.075303000564577
6595,0.039048039062500005,0.038046933593750006,0.13339493370056202,0.113349934158327
6611,0.06321689062500001,0.057953824218750005,0.196611824325562,0.171303758377077
6612,0.11559174218750001,0.09454082031250001,0.312203566513062,0.265844578689577
6613,0.007243028320313,0.005542249023438001,0.319446594833375,0.27138682771301503
6614,0.0819935859375,0.0753521484375,0.401440180770875,0.346738976150515
6615,0.078084328125,0.05799683203125001,0.479524508895875,0.404735808181765
6616,0.18121090625000003,0.160616,0.6607354151458751,0.565351808181765
6617,0.18160143750000002,0.177182328125,0.8423368526458751,0.742534136306765
6618,0.095033953125,0.0924119296875,0.9373708057708751,0.834946065994265
6620,0.1555324375,0.15145406250000001,1.0929032432708752,0.9864001284942651
6621,0.264780375,0.24007175000000003,1.3576836182708751,1.226471878494265
6624,0.260265421875,0.254460484375,1.6179490401458752,1.480932362869265
6628,0.35457275000000005,0.33916590625000004,1.9725217901458751,1.820098269119265
6629,0.39204746875,0.37413018750000004,2.3645692588958753,2.194228456619265
6633,0.03762002734375,0.0364153984375,2.4021892862396252,2.230643855056765
6636,0.12431015625000001,0.11238868750000001,2.526499442489625,2.3430325425567653
6638,0.5096940937500001,0.46931987500000005,3.036193536239625,2.8123524175567653
6639,0.45978306250000006,0.44528909375000003,3.495976598739625,3.2576415113067654
6640,0.33232193750000005,0.31614725000000005,3.8282985362396253,3.5737887613067656
6641,0.36497003125000005,0.35216803125,4.193268567489626,3.9259567925567658
6642,0.21471295312500002,0.20688917187500003,4.407981520614626,4.132845964431766
6643,0.025724361328125,0.024015083984375,4.433705881942751,4.1568610484161415
6645,0.11695213281250001,0.11165293750000001,4.550658014755251,4.268513985916141
6646,0.12369318750000001,0.11891775781250001,4.6743512022552505,4.387431743728641
6648,0.520491125,0.48117665625000006,5.194842327255251,4.8686083999786405
6650,0.31761778125,0.30392528125,5.512460108505251,5.17253368122864
6654,0.35417118750000004,0.34371521875000005,5.866631296005251,5.51624889997864
6659,0.30499459375000004,0.29433528125,6.171625889755251,5.8105841812286405
6662,0.5230005625,0.49743690625000003,6.694626452255251,6.30802108747864
6663,0.14190385937500002,0.13732498437500001,6.836530311630251,6.44534607185364
6666,0.50129053125,0.46526818750000004,7.337820842880252,6.910614259353641
6672,0.259589859375,0.24620221875,7.597410702255251,7.15681647810364
6674,0.5544622500000002,0.524653875,8.151872952255252,7.681470353103641
6675,0.5976831875,0.57015225,8.749556139755251,8.251622603103641
6677,0.5757688750000001,0.5417745625,9.32532501475525,8.793397165603642
6681,0.5524519375,0.5272328125000001,9.877776952255251,9.320629978103641
6683,0.032318880859375,0.029533097656250003,9.910095833114626,9.350163075759891
6688,0.0938363125,0.08668284375,10.003932145614627,9.43684591950989
6690,0.20432682812500003,0.18530703125,10.208258973739627,9.62215295075989
6692,0.0045843588867190005,4.588030000000001e-09,10.212843332626345,9.62215295534792
6693,0.34261240625,0.326858625,10.555455738876345,9.94901158034792
6694,0.39635831250000003,0.38181465625000005,10.951814051376346,10.33082623659792
6696,0.40209596875000003,0.38867900000000005,11.353910020126346,10.71950523659792
6699,0.000587401672363,0.0005745114746090001,11.354497421798708,10.720079748072529
6700,0.4929605,0.47859996875000005,11.847457921798709,11.198679716822529
6702,0.189462640625,0.18328364062500002,12.03692056242371,11.381963357447528
6706,0.0838113203125,0.0796798828125,12.12073188273621,11.461643240260027
6709,0.43658434375000005,0.40431071875,12.557316226486211,11.865953959010028
6710,0.3838404375,0.35494690625,12.941156663986211,12.220900865260028
6711,0.49057868750000005,0.43774153125000004,13.43173535148621,12.658642396510027
6712,0.45629590625000005,0.43976768750000006,13.88803125773621,13.098410084010027
6714,0.5582090625,0.5405373125,14.44624032023621,13.638947396510027
6719,0.39057540625000003,0.35526100000000005,14.836815726486211,13.994208396510027
6724,0.045030171875000004,0.043360867187500006,14.881845898361211,14.037569263697527
6729,0.49502406250000003,0.47703640625000004,15.376869960861212,14.514605669947528
6731,0.17251560937500002,0.166957796875,15.549385570236213,14.681563466822528
6733,0.2727610625,0.25610148437499997,15.822146632736214,14.937664951197528
6737,0.008865440429688001,0.008117286621094,15.831012073165901,14.945782237818621
6738,0.49675481250000003,0.464870875,16.327766885665902,15.410653112818622
6741,0.407910875,0.39207559375,16.7356777606659,15.802728706568622
6744,0.18185814062500003,0.170618765625,16.9175359012909,15.973347472193623
6747,0.067536140625,0.06499956640625,16.9850720419159,16.038347038599873
6749,0.5417127500000001,0.50070246875,17.526784791915897,16.539049507349873
6751,0.5188130000000001,0.49776275000000003,18.0455977919159,17.036812257349872
6752,0.23444417187500002,0.21683381250000003,18.2800419637909,17.25364606984987
6755,0.05466604296875,0.04571841015625001,18.33470800675965,17.299364480006123
6757,0.5008868125,0.4830685625,18.83559481925965,17.782433042506124
6759,0.500609125,0.47566865625000004,19.33620394425965,18.258101698756125
6761,0.43895290625000005,0.39341859375000005,19.775156850509653,18.651520292506124
6762,0.35886465625,0.34067959375,20.13402150675965,18.992199886256124
6763,0.44901256250000005,0.43469087500000003,20.58303406925965,19.426890761256125
6768,0.1121903828125,0.10800654687500001,20.69522445207215,19.534897308131125
6770,0.5272495625,0.51002515625,21.22247401457215,20.044922464381123
6772,0.5292694375,0.5090550625,21.751743452072148,20.553977526881123
6773,0.48721621875000004,0.4647835625,22.238959670822148,21.018761089381123
6774,0.5434086250000001,0.5247830625000001,22.78236829582215,21.54354415188112
6776,0.11871724218750002,0.1141226640625,22.90108553800965,21.65766681594362
6778,0.23194654687500002,0.222779328125,23.13303208488465,21.88044614406862
6843,8.2746681213e-05,7.6431358337e-05,23.133114831565862,21.88052257542696
6847,0.016544755859375003,0.012438584960938,23.149659587425237,21.892961160387898
6850,0.046403847656250004,0.03981208984375,23.196063435081488,21.932773250231648
6854,0.07647890625,0.0678152890625,23.272542341331487,22.00058853929415
6858,0.013853109375,0.013316836914063001,23.286395450706486,22.01390537620821
6860,0.39997312500000004,0.3804694375,23.686368575706485,22.39437481370821
6864,0.00016064144897500002,0.00015616264343300002,23.68652921715546,22.394530976351643
6868,0.000437270050049,0.00024391485595700002,23.68696648720551,22.3947748912076
6874,0.017041837890625,0.016393148437499998,23.704008325096133,22.4111680396451
6877,2.7971971512000002e-05,2.0726131439e-05,23.704036297067645,22.41118876577654
6879,8.1716064453e-05,7.885861206100001e-05,23.7041180131321,22.4112676243886
6881,0.00039211849975600004,0.000376738922119,23.704510131631856,22.411644363310717
6882,0.0007693112792970001,0.000738184509277,23.705279442911152,22.412382547819995
6884,9.9249725342e-05,9.569682312e-05,23.705378692636494,22.412478244643115
6885,0.000183182479858,0.000175638824463,23.705561875116352,22.412653883467577
6890,0.002386532714844,0.0020922189941410003,23.707948407831196,22.414746102461717
6891,0.0008664340209960001,0.000810858825684,23.708814841852192,22.4155569612874
6892,0.0013094250488280001,0.0012311452636720001,23.71012426690102,22.416788106551074
6901,0.22971568750000002,0.22452248437500003,23.93983995440102,22.641310590926075
6904,0.2766401875000001,0.24978428125000002,24.21648014190102,22.891094872176076
6909,0.60248475,0.5671178125,24.818964891901018,23.458212684676077
6911,0.15946490625,0.11701664843750001,24.97842979815102,23.575229333113576
6912,0.6132498125000001,0.5755388125,25.59167961065102,24.150768145613576
6913,0.00031834616088900004,5.1563117981000004e-05,25.59199795681191,24.150819708731557
6919,0.7938463125,0.77078175,26.38584426931191,24.92160145873156
6921,0.070598671875,0.06826522656250002,26.45644294118691,24.989866685294057
6923,0.405403375,0.3917883125,26.86184631618691,25.381654997794058
6924,0.23395309375,0.21530190625,27.09579940993691,25.59695690404406
6925,0.0953680625,0.09185083593750001,27.19116747243691,25.68880773998156
6927,0.017144955078125003,0.016472490234375005,27.208312427515033,25.705280230215934
6929,0.1001099453125,0.0958061796875,27.308422372827533,25.801086409903434
6931,0.486257625,0.46989850000000005,27.794679997827533,26.270984909903433
6939,0.07220751562500001,0.069481765625,27.866887513452532,26.340466675528432
6940,0.34227521875000005,0.30990196875000003,28.209162732202532,26.650368644278434
6942,0.45420115625,0.4253575625,28.663363888452533,27.075726206778434
6944,0.1149898359375,0.1078872109375,28.778353724390033,27.183613417715932
6946,0.0656431953125,0.06375742187500001,28.843996919702533,27.247370839590932
6953,0.5293486875000001,0.508697375,29.373345607202534,27.756068214590933
6956,0.4543181875,0.39937590625,29.827663794702534,28.155444120840933
6957,0.308560375,0.29262021875000005,30.136224169702533,28.448064339590932
6960,0.40800615625000003,0.38759659375000005,30.544230325952533,28.835660933340932
6961,0.42451512500000005,0.38633840625000004,30.968745450952532,29.221999339590933
6966,0.00021610494995100003,0.0,30.968961555902485,29.221999339590933
6998,3.6223907471000005e-05,3.3117660522000005e-05,30.968997779809957,29.222032457251455
7003,0.000162932220459,0.00015575050354000002,30.969160712030416,29.222188207754996
7005,0.09890486718750001,0.09670837500000001,31.068065579217915,29.318896582754995
7006,0.15631675,0.15107603125000002,31.224382329217914,29.469972614004995
7008,0.069475671875,0.06703921093750001,31.293858001092914,29.537011824942496
7013,0.11685784375000001,0.112640109375,31.410715844842915,29.649651934317497
7017,0.43256512500000005,0.41034668750000003,31.843280969842915,30.059998621817495
7018,0.45257128125,0.43499228125000006,32.29585225109292,30.494990903067496
7020,0.2904028125,0.27148446875000004,32.586255063592915,30.766475371817496
7024,0.44183396875000003,0.41472593750000003,33.02808903234291,31.181201309317494
7026,0.148129125,0.14146665625000002,33.17621815734291,31.322667965567494
7031,0.5065491875,0.48578362500000005,33.68276734484291,31.808451590567493
7033,0.35756596875,0.34056059375000003,34.04033331359291,32.14901218431749
7035,0.0389918671875,0.03768520703125,34.07932518078041,32.186697391348744
7036,0.07804056250000001,0.072491125,34.15736574328041,32.25918851634874
7037,0.45368428125000004,0.42162728125000004,34.61105002453041,32.68081579759874
7039,0.47382093750000004,0.45138265625,35.08487096203041,33.13219845384874
7040,0.39540134375,0.37919903125000004,35.48027230578041,33.51139748509874
7042,0.5144878125000001,0.46903190625,35.99476011828041,33.98042939134874
7043,0.31460987500000004,0.274950375,36.30936999328041,34.255379766348746
7045,0.45840600000000004,0.44491143750000006,36.76777599328041,34.70029120384875
7047,0.37176809375000003,0.3230949375,37.13954408703041,35.02338614134875
7048,0.21458921875,0.199814796875,37.35413330578041,35.223200938223755
7052,0.5002546875,0.47902312500000005,37.85438799328041,35.70222406322375
7053,0.32285371875,0.2804197500000001,38.17724171203041,35.98264381322375
7054,0.010007037109375,0.006986116699219001,38.18724874913978,35.98962992992297
7055,0.41159003125000004,0.36481131250000004,38.598838780389784,36.35444124242297
7056,0.7540345,0.7190636250000001,39.35287328038979,37.07350486742297
7058,0.5233606562500001,0.47771918750000003,39.876233936639785,37.55122405492297
7061,0.5721725625,0.5499034375,40.448406499139786,38.10112749242297
7063,0.47263728125000004,0.4427494375,40.92104378038979,38.543876929922966
7065,0.5354105,0.5137566250000001,41.456454280389785,39.057633554922965
7069,0.50068671875,0.48338181250000006,41.95714099913979,39.541015367422965
7078,0.1170960546875,0.10883003125000001,42.07423705382729,39.649845398672966
7080,0.52355890625,0.489323875,42.59779596007729,40.13916927367296
7083,0.4462105,0.42359996875000006,43.04400646007729,40.56276924242296
7087,0.5181173437500001,0.47944753125000006,43.56212380382729,41.04221677367296
7088,0.08000885156250001,0.067342328125,43.642132655389794,41.10955910179796
7090,0.5206535,0.47535625000000004,44.162786155389796,41.58491535179796
7091,0.5270027500000001,0.49750112500000004,44.6897889053898,42.08241647679796
7092,0.16250004687500003,0.150430046875,44.8522889522648,42.23284652367296
7095,0.29270865625000003,0.28152925,45.1449976085148,42.51437577367296
7097,0.5217116562500002,0.49453025000000006,45.6667092647648,43.00890602367296
7098,0.282093625,0.26980984375000006,45.9488028897648,43.27871586742296
7099,0.10779118750000001,0.103419046875,46.0565940772648,43.38213491429796
7101,0.156810359375,0.14200703125,46.2134044366398,43.52414194554796
7105,0.5358321875000001,0.5139213125000001,46.7492366241398,44.03806325804796
7108,0.5200682812500002,0.49941531250000004,47.269304905389795,44.53747857054796
7109,0.013927905273438,0.008950775390625,47.283232810663236,44.546429345938584
7110,0.48472703125000005,0.4666040625,47.76795984191324,45.01303340843858
7112,0.016036815429688003,0.014913010742188001,47.783996657342925,45.02794641918077
7114,0.010369125000000002,0.009426918945313001,47.79436578234292,45.03737333812609
7117,0.24815820312500003,0.23666821875000002,48.04252398546792,45.274041556876085
7118,0.36129928125000005,0.33113396875,48.40382326671792,45.60517552562609
7120,0.29781665625000003,0.28613787500000004,48.70163992296792,45.89131340062609
7122,0.33198825000000004,0.31665515625,49.03362817296792,46.20796855687609
7123,0.49651828125,0.47734765625000003,49.53014645421792,46.685316213126086
7124,0.528918375,0.49806062500000003,50.059064829217924,47.18337683812609
7125,0.44574137500000005,0.42652484375000005,50.50480620421792,47.60990168187609
7127,0.51000928125,0.47559537500000004,51.01481548546792,48.085497056876086
7128,0.33158040625,0.31851146875,51.34639589171792,48.40400852562609
7131,0.43619096875,0.41985553125,51.782586860467916,48.82386405687609
7132,0.28258934375,0.2708929687500001,52.06517620421791,49.09475702562609
7133,0.188738453125,0.18108989062500003,52.25391465734291,49.27584691625109
7135,0.183526015625,0.17412237500000002,52.43744067296791,49.449969291251094
7137,0.495196375,0.47266015625,52.93263704796791,49.922629447501095
7139,0.48149856250000006,0.40508634375,53.41413561046791,50.327715791251094
7142,0.0033117543945310004,0.002880718261719,53.41744736486244,50.330596509512816
7144,0.42956993750000005,0.37023312500000005,53.84701730236244,50.700829634512814
7145,0.40990590625,0.3940878125,54.25692320861244,51.09491744701281
7188,2.280129e-09,0.0,54.25692321089257,51.09491744701281
7211,0.004012115966797001,0.002511713134766,54.26093532685937,51.09742916014758
7212,0.07023216406250002,0.0520702734375,54.33116749092187,51.14949943358508
7213,0.13483634375,0.0762118359375,54.466003834671874,51.22571126952258
7217,0.39845528125,0.32814475000000004,54.864459115921875,51.55385601952258
7218,0.45100621875,0.42319315625000004,55.31546533467188,51.97704917577258
7220,0.00019343927002000001,0.00018510340881300002,55.3156587739419,51.97723427918139
7221,0.5218433125,0.49943928125000003,55.8375020864419,52.47667356043139
7234,0.49698018750000006,0.41550606250000005,56.3344822739419,52.89217962293139
7236,0.412953,0.387359375,56.7474352739419,53.27953899793139
7239,0.3138889375,0.3019799375,57.06132421144191,53.58151893543139
7240,0.33740793750000003,0.32150743750000005,57.3987321489419,53.90302637293139
7242,0.31343915625,0.29601696875,57.7121713051919,54.199043341681396
7245,0.26875840625,0.25415621875,57.9809297114419,54.45319956043139
7252,0.47194021875000003,0.44827000000000006,58.4528699301919,54.901469560431394
7253,0.32852328125,0.2925153125,58.7813932114419,55.193984872931395
7256,0.408476,0.38648553125,59.1898692114419,55.5804704041814
7259,0.46198046875000004,0.4099859375,59.6518496801919,55.990456341681394
7264,0.5014028125000001,0.46929921875,60.1532524926919,56.4597555604314
7265,0.0797063671875,0.0756140546875,60.232958859879396,56.535369615118896
7266,0.437921125,0.42079403125000003,60.6708799848794,56.95616364636889
7270,0.5373480625,0.51896134375,61.2082280473794,57.47512499011889
7271,0.19599479687500002,0.17192537500000002,61.4042228442544,57.64705036511889
7274,0.251940078125,0.23621915625,61.6561629223794,57.883269521368895
7299,1.642896843e-05,1.6245531082000003e-05,61.65617935134783,57.883285766899974
7300,1.351278019e-05,1.2975401878000001e-05,61.65619286412802,57.883298742301854
7304,0.00018743713378900002,0.000154976303101,61.65638030126181,57.883453718604954
7308,0.0315891015625,0.029722007812500003,61.687969402824315,57.91317572641746
7309,0.533420875,0.49602665625000003,62.22139027782431,58.40920238266746
7310,0.45233984375,0.4346165625,62.673730121574316,58.843818945167456
7314,0.5468039375,0.51160525,63.22053405907432,59.35542419516746
7315,0.42399428125000005,0.40853959375000004,63.64452834032432,59.76396378891746
7317,0.05422701171875,0.050909347656250006,63.69875535204307,59.81487313657371
7320,0.5457830625000001,0.5224064062500001,64.24453841454307,60.33727954282371
7321,0.5508315625000001,0.52802225,64.79536997704307,60.86530179282371
7324,0.41264378125,0.37722925,65.20801375829306,61.24253104282371
7328,0.45229190625000004,0.43712471875000003,65.66030566454306,61.679655761573706
7331,0.12792589843750002,0.1211766328125,65.78823156298056,61.800832394386205
7333,0.559945875,0.49089556250000005,66.34817743798055,62.291727956886206
7334,0.44992878125,0.413007375,66.79810621923055,62.704735331886205
7358,0.0035687929687500002,0.0031800009765630003,66.8016750121993,62.70791533286277
7406,4.057576180000001e-06,4.011244774000001e-06,66.80167906977547,62.707919344107545
7407,4.967672348000001e-06,4.755597591e-06,66.80168403744783,62.70792409970514
7427,1.7377050826330003e-09,1.391953788698e-09,66.80168403918553,62.70792410109709
7428,9.51341411564e-10,9.38587589189e-10,66.80168404013688,62.707924102035676
7433,8.162687532604e-09,7.312776055187e-09,66.80168404829956,62.707924109348454
7435,1.0468446649611001e-08,9.273601695895e-09,66.801684058768,62.70792411862205
7436,2.5626566261053002e-08,1.9233947619796002e-08,66.80168408439457,62.707924137856
7437,1.7182843759655998e-08,1.5122311189771003e-08,66.80168410157741,62.70792415297831
7438,2.5044271722436e-08,2.1391931921244004e-08,66.80168412662168,62.70792417437024
7439,3.5849716514349e-08,3.3102914690971e-08,66.8016841624714,62.707924207473155
7440,3.6749240010977e-08,3.4533794969320004e-08,66.80168419922065,62.70792424200695
7441,7.592697627842e-09,7.122669834644001e-09,66.80168420681335,62.707924249129626
7442,1.1708915233612001e-08,1.1329621076584e-08,66.80168421852227,62.707924260459244
7443,1.4210783876479001e-08,1.3380174525082001e-08,66.80168423273305,62.70792427383942
7444,4.306658729910901e-08,4.1656132787466e-08,66.80168427579964,62.70792431549555
7446,4.4601727277041005e-08,4.3128613382578e-08,66.80168432040138,62.70792435862417
7448,4.4145986437798004e-08,4.2303375899792005e-08,66.80168436454737,62.707924400927546
7449,4.5660313218832005e-08,4.4612690806389e-08,66.80168441020768,62.707924445540236
7450,4.2774692177773004e-08,4.1731718927622e-08,66.80168445298237,62.70792448727195
7453,5.5698253214359e-08,5.304856598377201e-08,66.80168450868062,62.70792454032052
7454,4.534949362278001e-08,4.0476776659489e-08,66.80168455403012,62.7079245807973
7456,4.1901305317879005e-08,3.8855370134115e-08,66.80168459593142,62.707924619652665
7457,4.340507090091701e-08,4.1787009686231996e-08,66.80168463933649,62.70792466143968
7459,1.259631593712e-09,1.2137726880610002e-09,66.80168464059612,62.70792466265345
7460,3.4003045409918e-08,3.3035207539797005e-08,66.80168467459917,62.707924695688654
7464,3.8856640458107e-08,3.7839058786631005e-08,66.80168471345581,62.70792473352771
7466,5.700218677520801e-08,5.460806190967601e-08,66.801684770458,62.70792478813577
7467,6.5116077661514e-08,6.3171043992043e-08,66.80168483557408,62.707924851306814
7468,7.5639143586159e-08,7.315055280923799e-08,66.80168491121323,62.707924924457366
7471,6.7258708178997e-08,6.4870521426201e-08,66.80168497847194,62.707924989327886
7472,6.6876225173473e-08,6.3660010695458e-08,66.80168504534817,62.707925052987896
7473,7.5975246727467e-08,7.289518415927901e-08,66.80168512132342,62.70792512588308
7474,5.9071898460388005e-08,5.685527995228801e-08,66.80168518039531,62.70792518273836
7475,2.688018837944e-09,5.96296158619e-10,66.80168518308334,62.70792518333465
7477,6.6810347139835e-08,6.3632488250732e-08,66.80168524989368,62.70792524696714
7480,7.1478508412838e-08,6.6132538020611e-08,66.80168532137219,62.70792531309968
7481,7.4097238481045e-08,6.810762733221101e-08,66.80168539546943,62.7079253812073
7482,8.555622771382e-09,7.984553463757e-09,66.80168540402505,62.70792538919186
7483,4.671771824359901e-08,4.4679053127766e-08,66.80168545074277,62.70792543387091
7485,5.6024689227343005e-08,5.3990736603737e-08,66.80168550676746,62.70792548786165
7486,5.5895775556564e-08,5.4295338690281e-08,66.80168556266324,62.70792554215699
7487,6.6775865852833e-08,6.4051657915115e-08,66.8016856294391,62.70792560620865
7488,6.6422037780285e-08,6.3615769147873e-08,66.80168569586114,62.70792566982442
7489,1.3013844378293e-08,1.2095691636205001e-08,66.80168570887498,62.70792568192011
7490,6.8105705082417e-08,6.595576554536799e-08,66.80168577698069,62.707925747875876
7491,5.2419546991587004e-08,5.048621073365201e-08,66.80168582940024,62.70792579836208
7492,8.107440546155002e-09,7.753413170576e-09,66.80168583750768,62.7079258061155
